Item Id,Item Name,Price,Sales,Shop Name,Commission Rate,Commission,Product Link,Offer Link
"23394445605,CONJUNTO GABI EM SHORTS E COLETE SOCIAL E ELEGANTE PARA ARRASAR NESTE FINAL DE ANO,""49,99"",728,MODAS ALFRE,34%,""R$17,00"",https://shopee.com.br/product/1553995251/23394445605,https://s.shopee.com.br/3fzkK7C6qa"
"27364817132,[BANY] 5 Peças Roupão De Seda Roupa De Dormir Feminina Renda Sa Pijama Vestido Conjunto Com Decote Em V Cami Camisola Us,""31,00"",297,banyanshaw.br,8%,""R$2,48"",https://shopee.com.br/product/243235332/27364817132,https://s.shopee.com.br/3qJAWQBTVd"
"40650367303,""Um Novo Suéter Grosso De Gola Alta Para Mulheres No Inverno 2026 , Combinado Com Elegante top Térmico De Outono E"",""79,84"",5mil+,COCO & LULU FASHION STORE,23%,""R$18,36"",https://shopee.com.br/product/393412132/40650367303,https://s.shopee.com.br/3LMtvVDNWY"
"41178806100,Blusa Feminina Brasil T-shirt Verão Algodão,""31,96"",2mil+,Latzi,28%,""R$8,95"",https://shopee.com.br/product/681967866/41178806100,https://s.shopee.com.br/3VgK7oCkBb"
"21599849503,Conjunto Feminino Alfaiataria Luxo - Colete e Short Elegante,""54,00"",10mil+,Criss Modas,17%,""R$9,18"",https://shopee.com.br/product/1414966302/21599849503,https://s.shopee.com.br/4LFR7L9ZUm"
"22398887991,Vestido Midi Lese Bordado Manga Princesa Com Botãoes funcional,""189,05"",228,MODAS FE,14%,""R$26,47"",https://shopee.com.br/product/1194952981/22398887991,https://s.shopee.com.br/4VYrJe8w9p"
"44012005023,Conjunto de sutiã sexy de renda preta com costura sexy e ajuste justo e perna Cir,""44,49"",265,Galaxy e sexo paraíso,10%,""R$4,45"",https://shopee.com.br/product/1417320958/44012005023,https://s.shopee.com.br/40caijAqAk"
"27337964832,Macacão Feminino Longo Alfaiataria Pantalona Premium Social Alça Fina com Bojo Sem Cinto Verão Moda Mulher Verão,""59,89"",421,Doce Glamour Fashion,16%,""R$9,58"",https://shopee.com.br/product/636417604/27337964832,https://s.shopee.com.br/4Aw0v2ACpn"
"23498945990,CONJUNTO ABIGAIL TENDENCIA DO MOMENTO EM  COLETE +SHORTS  PRIMAVERA VERÃO 2026,""54,40"",3mil+,MODAS ALFRE,18%,""R$9,79"",https://shopee.com.br/product/1553995251/23498945990,https://s.shopee.com.br/50V7uZ728y"
"22799341121,Kit 3 Body Feminino um Ombro Só com Drapeado Lateral,""84,99"",1mil+,TATITA MODAS,15%,""R$12,75"",https://shopee.com.br/product/844216271/22799341121,https://s.shopee.com.br/5AoY6s6Oo1"
"22094333989,Conjunto Pantalona em Linho Calça e Regata Social Elegante Moda Casual Feminino,""59,99"",5mil+,Unidunitê Fashion,21%,""R$12,60"",https://shopee.com.br/product/781369079/22094333989,https://s.shopee.com.br/4fsHVx8Iow"
"22598925518,""Macacão feminino elegante pantalona longa com cinto, decote em V, costas abertas e bolsos invisíveis, moderno versátil"",""75,05"",1mil+,jadie.M,44%,""R$33,02"",https://shopee.com.br/product/1629613353/22598925518,https://s.shopee.com.br/4qBhiG7fTz"
"23198823810,CONJUNTO FEMENINO COLETE +CALÇA  EM TECIDO ALFAIATARIA SUPER LUXO,""65,99"",68,MODAS ALFRE,34%,""R$22,44"",https://shopee.com.br/product/1553995251/23198823810,https://s.shopee.com.br/LjILzOnc8"
"22398357106,Casaco De Frio Luxo Com Detalhes e Botões De Tricot Tendência 2025 Blusa de frio feminina,""44,90"",3mil+,AUSTRALISMODAS,14%,""R$6,29"",https://shopee.com.br/product/290234225/22398357106,https://s.shopee.com.br/W2iYIOAHB"
"22098675574,Vestido mídi feminino evangélica com manga princesa com elastex na costas confortável tecido algodão,""89,99"",7mil+,ZOE.MODAS,18%,""R$16,20"",https://shopee.com.br/product/1080998792/22098675574,https://s.shopee.com.br/16RxNQ4I6"
"23498836881,Cropped Feminino Corset Renda Corselet Alça Regulagem,""49,99"",10mil+,Valentina bras,17%,""R$8,50"",https://shopee.com.br/product/511999873/23498836881,https://s.shopee.com.br/BPs9gPQx9"
"57205601720,Conjunto Canelado de Tricot Mousse Calça Pantalona Cordão Ajustável+Blusa Manga Bufante Inverno,""139,98"",1mil+,HELENA TRICOT,10%,""R$14,00"",https://shopee.com.br/product/1025311796/57205601720,https://s.shopee.com.br/10yz9DMGGK"
"5454819410,Cinta body Modeladora Feminina Redutora com bojo Empório Da Roupa,""63,75"",30mil+,Empório D Roupa,21%,""R$13,39"",https://shopee.com.br/product/314829465/5454819410,https://s.shopee.com.br/1BIPLWLcvN"
"22398290119,Calça Jeans Feminina Country Com Lycra Cintura Alta Padrão premium,""93,99"",3mil+,LKS COUNTRY JEANS,7%,""R$6,58"",https://shopee.com.br/product/1485128080/22398290119,https://s.shopee.com.br/gM8kbNWwI"
"19999756951,Kit 5 Regata Canelada Feminina Lisa Blusa Básica Camiseta Casual,""76,39"",10mil+,EMMANA FASHION,17%,""R$12,99"",https://shopee.com.br/product/1438539497/19999756951,https://s.shopee.com.br/qfYwuMtbL"
"18196925614,Conjunto Moletom Feminino Blusa manga longa Flanelado Veludo sem bordado cropped + calça pantalona,""87,90"",3mil+,Nandamatos.store,7%,""R$6,15"",https://shopee.com.br/product/934481538/18196925614,https://s.shopee.com.br/1gEfwRJiuW"
"42155167603,Jeans femininos calças Jeans macacão Multi-bolso calças Cargo de perna larga atacado,""136,00"",69,AIA Preferred（Cadeia em cuba，relógi,15%,""R$20,40"",https://shopee.com.br/product/972897528/42155167603,https://s.shopee.com.br/1qY68kJ5ZZ"
"23694368547,Saia Jeans Feminina Mídi longa Cintura Alta Marmorizada com Fenda Tecido Grosso Azul Claro Premium,""65,99"",739,Up Jeans,13%,""R$8,58"",https://shopee.com.br/product/1258110309/23694368547,https://s.shopee.com.br/1LbpXpKzaU"
"22394550759,Macacão Academia Forrado Feminino Longo Fitness com Costas Abertas e de Alças Cruzadas em Suplex,""62,90"",1mil+,Bellare | Moda Fitness,16%,""R$10,06"",https://shopee.com.br/product/1612501137/22394550759,https://s.shopee.com.br/1VvFk8KMFX"
"19099840296,CONJUNTO FEMININO SHORTS + COLETE NOVA TENDENCIA 2026  PRIMAVERA VERÃO,""49,99"",2mil+,MODAS ALFRE,18%,""R$9,00"",https://shopee.com.br/product/1553995251/19099840296,https://s.shopee.com.br/2LUMjfHBYi"
"58256213429,Blusa Feminina Cropped Manga 3 Quartos Brasil Copa Elegante Casual Tricot Básico,""59,90"",713,Alpi'Store,13%,""R$7,79"",https://shopee.com.br/product/1576223142/58256213429,https://s.shopee.com.br/2VnmvyGYDl"
"22697734408,Vestido Longo Liso  Feminina Bicolor com forrto Casual Tecido Duna,""78,00"",7mil+,tony modal loja,17%,""R$13,26"",https://shopee.com.br/product/401461677/22697734408,https://s.shopee.com.br/20rWL3ISEg"
"23598815780,Macaquinho Suplex Feminino Fitness Moda Casual Alças Finas Trancadas nas costas Justo Confortável,""46,90"",10mil+,Moving Fitnes,3%,""R$1,41"",https://shopee.com.br/product/492286672/23598815780,https://s.shopee.com.br/2BAwXMHotj"
"58255542708,Conjunto Feminino Elegante Premium Blusa Oversized + Calça Pantalona Moda Casual Look Moderno e Confortável Aerolook,""79,90"",603,Use moriah,8%,""R$6,39"",https://shopee.com.br/product/738171750/58255542708,https://s.shopee.com.br/8AS9gNuyiu"
"23498379918,Blusa de frio feminina estilo blogueira com trança tendência 2025 blusa tricot manga bufante,""49,41"",4mil+,AUSTRALISMODAS,15%,""R$7,41"",https://shopee.com.br/product/290234225/23498379918,https://s.shopee.com.br/808jU4vc3t"
"19399309726,Calça Pantalona Feminina em Alfaiataria Cargo Wide Leg Casual Para Trabalhar,""62,89"",10mil+,Gata Pink,16%,""R$10,06"",https://shopee.com.br/product/1269511225/19399309726,https://s.shopee.com.br/8V504zti30"
"41976409026,Olá Yoga Nude Jaqueta Esportiva Ao Ar Livre Feminina Fina Respirável Fitness Wear Pequena,""88,96"",363,Alo Yoga Compras,13%,""R$11,56"",https://shopee.com.br/product/1399701658/41976409026,https://s.shopee.com.br/8KlZsguLNz"
"28641019304,Conjunto Cropped Tomara que Caia + Saia Midi Fenda,""35,69"",8mil+,boutique_cinderela,23%,""R$8,21"",https://shopee.com.br/product/379070931/28641019304,https://s.shopee.com.br/8phqTbsRN6"
"22693962071,KIT 3 Blusa Termica Feminina Blusa De Frio Feminina Blusa Gola Alta Feminino Blusas Cacharrel,""59,90"",1mil+,BASSY,7%,""R$4,19"",https://shopee.com.br/product/415154868/22693962071,https://s.shopee.com.br/8fOQHIt4i5"
"22398488125,Vestido Longo Feminino Estampado Floral Manga Flare Decote V Elastex Elegante Moda Verão,""79,99"",1mil+,Catalina Modas,15%,""R$12,00"",https://shopee.com.br/product/428059893/22398488125,https://s.shopee.com.br/9AKgsDrAhC"
"19697811379,Calça Pantalona Cintura Alta com Bolso Dunas,""28,22"",30mil+,Atos Boutique,16%,""R$4,52"",https://shopee.com.br/product/877583991/19697811379,https://s.shopee.com.br/901Gfuro2B"
"58252498683,Conjunto Ana Alfaiataria Plus Size e Slim Colete com Botões e Short com Zíper Moda Casual Verão Look Moda Mulher Verão,""59,90"",231,Lanour MODA,19%,""R$11,38"",https://shopee.com.br/product/1491044633/58252498683,https://s.shopee.com.br/9UxXGppu1I"
"23498635174,Cropped Top Feminino Alcinha Frente Forrada Personalizado Copa 2026 ESTHER BRASIL,""29,83"",258,Lily Pink,20%,""R$5,97"",https://shopee.com.br/product/448654639/23498635174,https://s.shopee.com.br/9Ke74WqXMH"
"23298795015,Vestido Longo Feminino Elegante com Botões Perola Funcionais e Faixa na Cintura | Vestido Casual Social | Moda Feminina,""74,81"",2mil+,D&G MODA FEMENINA,3%,""R$2,24"",https://shopee.com.br/product/1598935210/23298795015,https://s.shopee.com.br/9paNfRodLO"
"23998797087,Calça Pantalona Lanzinha Feminina Cintura Alta Com Elastico De e Bolso Outono / Inverno Promoção,""39,98"",5mil+,JORZEL FASHION,15%,""R$6,00"",https://shopee.com.br/product/1312004344/23998797087,https://s.shopee.com.br/9fGxT8pGgN"
"22793098916,conjunto astrid viscolinho e linho.,""49,90"",36,Flyestore,14%,""R$6,99"",https://shopee.com.br/product/956556000/22793098916,https://s.shopee.com.br/AADE43nMfU"
"18999871637,Short Saia Jeans com Fenda Lateral e Pinças com Brilho do 34 ao 52,""39,99"",4mil+,infinity Modas_011,7%,""R$2,80"",https://shopee.com.br/product/728479519/18999871637,https://s.shopee.com.br/9ztnrko00T"
"26694187942,Regatas do Brasil Feminina Ribana Copa Bandeira BORDADA,""29,90"",986,Made.us,13%,""R$3,89"",https://shopee.com.br/product/603314742/26694187942,https://s.shopee.com.br/AUq4Sfm5za"
"23093256615,Calça Pantalona Feminina Alfaiataria com Bolso Fechamento Ziper na Frente,""58,99"",2mil+,Smile Label,18%,""R$10,62"",https://shopee.com.br/product/908267517/23093256615,https://s.shopee.com.br/AKWeGMmjKZ"
"21899834632,Conjunto Trijunto Feminino Inverno Tricot Mousse 3 Peças Elegante Mousse Premiun,""169,90"",2mil+,Atitude Malhas,13%,""R$22,09"",https://shopee.com.br/product/1467971563/21899834632,https://s.shopee.com.br/5VROVU588e"
"23798937319,Vestido Mídi Feminino Elegante Alfaiataria Festa Cerimônia Aniversário Missas Congressos Evangélico*,""79,99"",1mil+,NOVA LABEL.,10%,""R$8,00"",https://shopee.com.br/product/1206637959/23798937319,https://s.shopee.com.br/5L7yJB5lTd"
"42470077703,Vestido Midi Costas Trançadas Canelado Elegância e Versatilidade Moda Blogueira Verão,""49,90"",2mil+,Gringa Moda Fashion,16%,""R$7,98"",https://shopee.com.br/product/1281632409/42470077703,https://s.shopee.com.br/5q4Eu63rSk"
"25004788916,Moda Coreana Vintage Casaco Solto Mola De Outono Pólo De Manga Longa Duplo Peito Alto Midi Windbreaker,""144,76"",10mil+,COCO & LULU FASHION STORE,23%,""R$33,29"",https://shopee.com.br/product/393412132/25004788916,https://s.shopee.com.br/5fkohn4Unj"
"22698755316,""Conjunto feminino 3 peças Linho colete+cropedd+short.Vários tamanhos.Preto,Cru,Terracota e Menta."",""61,64"",2mil+,Moda e Magia MM,17%,""R$10,48"",https://shopee.com.br/product/1259308121/22698755316,https://s.shopee.com.br/6Ah5Ii2amq"
"21598262410,Calça Wide Leg Tecido Alfaiataria Casual Pantalona Bolso Verdadeiro Empina Bumbum Promoção,""49,90"",3mil+,Floriza moda,19%,""R$9,48"",https://shopee.com.br/product/1388314621/21598262410,https://s.shopee.com.br/60Nf6P3E7p"
"52707355082,Vestido longo casual básico feminino ribana manga canelada muscle fashion gringa preto marrom,""39,99"",242,Modas Emy,43%,""R$17,20"",https://shopee.com.br/product/1302734125/52707355082,https://s.shopee.com.br/6VJvhK1K6w"
"23094412543,SAIA LONGA 3 MARIAS CINTURA ALTA,""64,50"",3mil+,JHSTOTRE STORE,14%,""R$9,03"",https://shopee.com.br/product/1194697970/23094412543,https://s.shopee.com.br/6L0VV11xRv"
"20698271319,Conjunto Ziper Inverno Pantalona,""70,00"",79,PandaHMS,13%,""R$9,10"",https://shopee.com.br/product/1551697817/20698271319,https://s.shopee.com.br/6pwm5w03R2"
"58205694476,Blusa do Brasil Feminina Tricot Estilosa Elegante Tendência Copa Tricô,""59,90"",1mil+,Trend Tricot,13%,""R$7,79"",https://shopee.com.br/product/498322826/58205694476,https://s.shopee.com.br/6fdLtd0gm1"
"29784972820,Vestido Longo Listrado com Botões e Cinto - Manga Bufante - Modelo Elegante com Elastex,""69,83"",4mil+,modas_lia,7%,""R$4,89"",https://shopee.com.br/product/1091280090/29784972820,https://s.shopee.com.br/7AZcUXyml8"
"22894029804,""Saia Longa Feminina com Fenda Frontal, Cintura Alta, Bolsos e Cinto  Elegante e Moderna"",""59,90"",2mil+,FERNANDA QUEIROZ MODA FEMININA,19%,""R$11,38"",https://shopee.com.br/product/1440678545/22894029804,https://s.shopee.com.br/70GCIEzQ67"
"58252176292,Conjunto Assimétrico Feminino Alfaiataria Blusa Franzida e Calça Pantalona Social Elegante Look Moda Mulher Verão,""69,80"",431,Lanour MODA,19%,""R$13,26"",https://shopee.com.br/product/1491044633/58252176292,https://s.shopee.com.br/7VCSt9xW5E"
"41978571185,Macaquinho com Alça Bicolor Fitness Feminino Poliamida Premium  | Academia Treino Yoga | P ao GG,""65,80"",664,BYP & CO - Moda Feminina,28%,""R$18,42"",https://shopee.com.br/product/417617573/41978571185,https://s.shopee.com.br/7Kt2gqy9QD"
"58251159781,""Short Feminino Fitness com Bolso Atletyca Academia, Corrida e Treino"",""39,90"",4mil+,Atletyca Oficial,21%,""R$8,38"",https://shopee.com.br/product/1379957406/58251159781,https://s.shopee.com.br/7ppJHlwFPK"
"22593855144,Calça Alfaiataria Feminina Cinto Cintura Alta Com Zíper Na Lateral,""39,92"",20mil+,Um Banho De Moda,10%,""R$3,99"",https://shopee.com.br/product/913580882/22593855144,https://s.shopee.com.br/7fVt5SwskJ"
"23494185142,CONJUNTO FEMININO COLETE E SHORT DE ALFAIATARIA DE VERÃO 2026,""49,99"",251,MODAS ALFRE,34%,""R$17,00"",https://shopee.com.br/product/1553995251/23494185142,https://s.shopee.com.br/2qQdKaFHYO"
"23094417104,Macacão Fitness Academia Poliamida Feminino Zero Transparencia 2,""99,00"",2mil+,101 fitness,16%,""R$15,84"",https://shopee.com.br/product/1547079616/23094417104,https://s.shopee.com.br/2g7D8HFutN"
"22593857616,Kit 3 Blusas Feminina Regata Decote Quadrado Reto Suplex Verão Basica Lisa Moda Elegante Tendencia Bolgueira,""57,00"",20mil+,Migles Vendas,13%,""R$7,41"",https://shopee.com.br/product/1045277594/22593857616,https://s.shopee.com.br/3B3TjCE0sU"
"23599260319,🔥KIT 15 pares de Meia feminina soquete menor preço direto da fabrica Algodão(kiT 6 a 15 pares),""19,50"",6mil+,Shop Achados Meias,14%,""R$2,73"",https://shopee.com.br/product/1058688207/23599260319,https://s.shopee.com.br/30k3WtEeDT"
"23099195827,Conjunto Alfaiataria Cropped Tomara que Caia Social  Feminino Calça Pantalona Blusa Elástico Lastex Botão Moda Mulher,""79,90"",262,Lanour MODA,16%,""R$12,78"",https://shopee.com.br/product/1491044633/23099195827,https://s.shopee.com.br/3VgK7oCkCa"
"23594364502,MACACÃO LONGO FEMININO ALÇA LUXO ELEGANTE PANTALONA PRIMAVERA VERÃO,""98,00"",311,Ateliê Aquarelle,10%,""R$9,80"",https://shopee.com.br/product/779265993/23594364502,https://s.shopee.com.br/3LMtvVDNXZ"
"21299705903,short linho forrado feminino short social linho barra italiana forrado do PP ao G2,""69,99"",10mil+,Zilli Style,16%,""R$11,20"",https://shopee.com.br/product/773974758/21299705903,https://s.shopee.com.br/3qJAWQBTWg"
"18898029890,Body Collant  Feminino Regata Blusa Decote Quadrado Com Forro  Estilo Blogueira,""28,80"",60mil+,Infinity Variedades10,24%,""R$6,91"",https://shopee.com.br/product/1442835896/18898029890,https://s.shopee.com.br/3fzkK7C6rf"
"58252506475,Conjunto Feminino Uma Alça Social Duna Mulher Elegante Blusa Nula Manga Calça Pantalona Alfaiataria Moda Verão Promoção,""59,90"",543,Lanour MODA,16%,""R$9,58"",https://shopee.com.br/product/1491044633/58252506475,https://s.shopee.com.br/4Aw0v2ACqm"
"23794414763,Macacão Feminino Pantalona Largo Alcinha Decote V P M G GG Tecido Duna Elegante Lançamento Moda Mulher Verão,""49,90"",714,Lanour MODA,16%,""R$7,98"",https://shopee.com.br/product/1491044633/23794414763,https://s.shopee.com.br/40caijAqBl"
"41867353138,Kit Pijama Feminino 3 Peças Americano  Camisa Botões + Calça + Short Conforto Malha Amamentação,""89,90"",6mil+,Helemix,7%,""R$6,29"",https://shopee.com.br/product/694133465/41867353138,https://s.shopee.com.br/4VYrJe8wAs"
"15365732702,cinta modeladora feminina dupla sinta modeladora feminina emagrecedora cinta colete POSTAGEM RÁPIDA,""31,99"",40mil+,EusouMiguel,17%,""R$5,44"",https://shopee.com.br/product/378519055/15365732702,https://s.shopee.com.br/4LFR7L9ZVr"
"22398684024,Conjunto Feminino Social Duna Mulher Elegante Blusa Regata e Calça Pantalona Moda Mulher Verão Promoção,""59,90"",1mil+,Lanour MODA,16%,""R$9,58"",https://shopee.com.br/product/1491044633/22398684024,https://s.shopee.com.br/4qBhiG7fUy"
"23799255244,Macaquinho Feminino Crepe Estampado Lançamento Tendência Com Short Por Baixo Sem Bojo,""59,40"",181,use_degfashion,17%,""R$10,10"",https://shopee.com.br/product/547382414/23799255244,https://s.shopee.com.br/4fsHVx8Ipx"
"58250949898,Kit 3 T-Shirt Feminina Estampada Camiseta Cristã Fé 100% Algodão Envio Imediato,""69,99"",1mil+,T-Shirt Connect Shop,17%,""R$11,90"",https://shopee.com.br/product/1399296586/58250949898,https://s.shopee.com.br/5AoY6s6Op4"
"58255705503,Cinta Modeladora de Barriga/Abdominal E Redutora Exercícios para Academia com Redução De Medidas para Cintura Fina,""24,99"",191,chenbazar,12%,""R$3,00"",https://shopee.com.br/product/383213467/58255705503,https://s.shopee.com.br/50V7uZ72A3"
"22294455727,Conjunto Feminino Afaiataria Calça e Blusa TECIDO PREMIUM,""69,90"",618,R C MODA FEMININA,7%,""R$4,89"",https://shopee.com.br/product/1264622325/22294455727,https://s.shopee.com.br/BPs9gPQy8"
"54206657263,MACAQUINHO TIRAS BICOLOR ALÇA FINA SUPLEX POWER TREINO ACADEMIA FITNESS,""27,90"",3mil+,JL BRANDÃO,10%,""R$2,79"",https://shopee.com.br/product/576134566/54206657263,https://s.shopee.com.br/16RxNQ4J7"
"22293819530,""Vestido Longo Com FORO e BOJO, Feminino Com manga Variados super confortáveis e leves qualidade e durabilidade"",""73,99"",1mil+,villcamodaoficial,23%,""R$17,02"",https://shopee.com.br/product/1463484615/22293819530,https://s.shopee.com.br/W2iYIOAIE"
"23398358852,Casaco Xadrez Cardigan Tricot Lã Max Kimono de Frio Manga Longa Tendência Moda Inverno Elegante,""62,99"",1mil+,bellalatricot,23%,""R$14,49"",https://shopee.com.br/product/1506281926/23398358852,https://s.shopee.com.br/LjILzOndD"
"22593686839,Conjunto Feminino Crepe Duna Premium Frente Única Estilo Vestido Macaquinho  Soltinho Com Decote nas Costa Tendência,""58,80"",419,USE FIRST,14%,""R$8,23"",https://shopee.com.br/product/1156336592/22593686839,https://s.shopee.com.br/qfYwuMtcK"
"22498862856,Saia Longa Feminina Alfaiataria com Bolso Cintura Alta  Moda Evangélica,""59,40"",1mil+,CHIPANA-FASHION,""18,23%"",""R$10,69"",https://shopee.com.br/product/905229815/22498862856,https://s.shopee.com.br/gM8kbNWxJ"
"22098837990,Legging Feminina Fitness 3D Cintura Alta | Compressão e Conforto | Academia e Corrida,""29,90"",1mil+,GIT MODA MIX,15%,""R$4,49"",https://shopee.com.br/product/1042028053/22098837990,https://s.shopee.com.br/1BIPLWLcwQ"
"22397185840,Pijama Feminino Americano  Longo Pós Cirúrgico Amamentação Inverno Stitch Estapas listra Rosa,""68,99"",3mil+,DakiDaí Store,16%,""R$11,04"",https://shopee.com.br/product/611123146/22397185840,https://s.shopee.com.br/10yz9DMGHP"
"22197729265,Conjunto Duas Peças Alfaiataria Juliana,""59,30"",1mil+,MODA FEMININA BRÁS,16%,""R$9,49"",https://shopee.com.br/product/369435098/22197729265,https://s.shopee.com.br/1VvFk8KMGW"
"40128689556,Lovito Vestido Elegante com Cinto Camadas Duplas Primavera/verão Verde para Mulheres LBL33124,""69,50"",33,Lovito Loja Oficial,7%,""R$4,87"",https://shopee.com.br/product/426378412/40128689556,https://s.shopee.com.br/1LbpXpKzbV"
"23498880613,Macaquinho Feminino Canelado Curto Anarruga Ajustado Roupa Feminina Estilosa,""26,95"",20mil+,Brawas Modas,17%,""R$4,58"",https://shopee.com.br/product/1606133140/23498880613,https://s.shopee.com.br/1qY68kJ5ac"
"23294043900,Calça Pantalona FORRADA DUNA Feminina Cintura Alta Com Bolso Tecido Fresco,""29,99"",10mil+,Julinha Modas,11%,""R$3,30"",https://shopee.com.br/product/475740331/23294043900,https://s.shopee.com.br/1gEfwRJivb"
"22697618530,Conjunto Moletom Feminino Blusa manga longa Flanelado liso  cropped+ calça pantalona conjunto feminino de frio,""87,90"",4mil+,matosmoda.stores,11%,""R$9,67"",https://shopee.com.br/product/1291593373/22697618530,https://s.shopee.com.br/2BAwXMHoui"
"22598347134,Vestido Longo Modelo Todo Em Duna Decote Botões Com Cinto,""89,00"",921,Nany Modas e Acessórios,17%,""R$15,13"",https://shopee.com.br/product/490378200/22598347134,https://s.shopee.com.br/20rWL3ISFh"
"21199191075,Jaqueta Casaco de Lã Batida Sobretudo de Inverno oPelos Removivel Parka 6 Botões,""229,00"",4mil+,Stellar Closet,13%,""R$29,77"",https://shopee.com.br/product/438648795/21199191075,https://s.shopee.com.br/2VnmvyGYEo"
"58256053530,Short Alfaiataria Feminino Social Com Cinto Cintura Alta PROMOÇAO,""21,80"",2mil+,MOÇA FAMOSA,17%,""R$3,71"",https://shopee.com.br/product/1613326394/58256053530,https://s.shopee.com.br/2LUMjfHBZn"
"56254410748,Conjunto Feminino Liz Calça Pantalona + Blusinha Top Amarração Look Versátil Moda Verão,""49,90"",6mil+,Gringa Moda Fashion,16%,""R$7,98"",https://shopee.com.br/product/1281632409/56254410748,https://s.shopee.com.br/808jU4vc4u"
"42004432835,Short Doll Renda Bicolor Pijama Baby e Blusinha em Suede Confortavel e Fresquinho,""36,98"",10mil+,DUCA LINGERIE,3%,""R$1,11"",https://shopee.com.br/product/1391450972/42004432835,https://s.shopee.com.br/8AS9gNuyjx"
"23496911809,Camisa Social Feminina Manga Longa Com Bolso Viscolinho Botões | Elegante e Fresquinha para Trabalho,""73,50"",10mil+,lookbyso,27%,""R$19,85"",https://shopee.com.br/product/1077665316/23496911809,https://s.shopee.com.br/8KlZsguLP0"
"46604335707,Kit com 10 ou 5 Calcinhas Fio Dental Duplo Empina Bumbum Conforto Sensual Levanta Bumbum,""42,90"",5mil+,BellaFlorOficial,16%,""R$6,86"",https://shopee.com.br/product/487444734/46604335707,https://s.shopee.com.br/8V504zti43"
"18398042738,Conjunto de Saia Feminino Fenda Frontal com cropped de Elastex Tecido Duna Linho Verão,""124,99"",466,BellaG.Fashion,15%,""R$18,75"",https://shopee.com.br/product/1261429489/18398042738,https://s.shopee.com.br/8fOQHIt4j6"
"58203829372,Jaqueta Puffer Feminina Peluciada Lançamento 2026,""159,00"",239,Versath.oficial,15%,""R$23,85"",https://shopee.com.br/product/1507348752/58203829372,https://s.shopee.com.br/8phqTbsRO9"
"28510080063,Lovito Blusa Casual Com Estampa Em Formato De Coração Para Mulheres LNL72073,""55,66"",3mil+,Lovito Loja Oficial,13%,""R$7,24"",https://shopee.com.br/product/426378412/28510080063,https://s.shopee.com.br/901Gfuro3C"
"23298464112,SAIA FEMININA COURO MIDI ENVELOPE AMARRAÇÃO + MODA SOCIAL,""75,58"",1mil+,SOPHIA CLOSET,18%,""R$13,60"",https://shopee.com.br/product/782379815/23298464112,https://s.shopee.com.br/9AKgsDrAiF"
"23094252265,CONJUNTO GABI. MODA FEMENINA COLETE E CALÇA ALFAIATARIA,""78,96"",3mil+,MODAS BARBARA,19%,""R$15,00"",https://shopee.com.br/product/1388617340/23094252265,https://s.shopee.com.br/AADE4gkjyn"
"23298940654,Macaquinho Fitness Modelador Academia Crossfit Macacão Feminino Slim Suplex - Moda Gringa blogueira,""30,40"",2mil+,KELVIN ATACADÃO DA MODA WEAR,20%,""R$6,08"",https://shopee.com.br/product/1502928031/23298940654,https://s.shopee.com.br/AKWeGzk6dq"
"43417706506,Kit 3 Regata Blusa Decote Quadrado Gringa Reta Suplex Premium Liso Verão Moda Tendencia,""53,90"",3mil+,Burne,18%,""R$9,70"",https://shopee.com.br/product/471432321/43417706506,https://s.shopee.com.br/AUq4TIjTIt"
"47153278382,"" Modelador de corpo estilo europeu e americano com zíper na virilha inferior, redução de cintura, levantamento de"",""91,98"",7mil+,Choice Oficial,13%,""R$11,96"",https://shopee.com.br/product/1006215031/47153278382,https://s.shopee.com.br/16Ry0NRbs"
"41268815093,Conjunto linho feminino Social calça pantalona e Blusa regata,""63,00"",4mil+,ZEBRITA OFICIAL,13%,""R$8,19"",https://shopee.com.br/product/1283254175/41268815093,https://s.shopee.com.br/BPsAJMoGv"
"22898051635,Cardigan  Kimono Tricot Feminino Quadriculado Casaco Teddy Manga Longa Aberto Elegante WM Malhas,""49,80"",8mil+,WM Malhas,18%,""R$8,96"",https://shopee.com.br/product/1178899059/22898051635,https://s.shopee.com.br/LjIMcMAvy"
"23098939170,""Vestido Indiano longo ESTAMPADO LONGO FRENTE Única e costa Nua, ELEGANTE"",""73,13"",1mil+,Bellas Confecções,22%,""R$16,09"",https://shopee.com.br/product/1503610921/23098939170,https://s.shopee.com.br/W2iYvLXb1"
"25895450123,Casaco Feminino Inverno Plus Size Blusa De Frio Feminina Casaco Teddy Feminino Gola Alta Com Ziper,""49,90"",1mil+,BASSY II,7%,""R$3,49"",https://shopee.com.br/product/427964511/25895450123,https://s.shopee.com.br/gM8lEKuG4"
"23098945093,#SUPER PROMOÇÃO DE NOSSO CONJUNTO FEMININO EM ALFAITARIA EM SHORT E COLETE  TENDENCIA 2026😎💕,""51,99"",6mil+,MODAS BARBARA,22%,""R$11,44"",https://shopee.com.br/product/1388617340/23098945093,https://s.shopee.com.br/qfYxXKGv7"
"22193060864,Macaquinho feminino Tercido Alfaiataria Coleção Nova,""79,80"",8mil+,RL MODAS FEM & MAS,15%,""R$11,97"",https://shopee.com.br/product/866139490/22193060864,https://s.shopee.com.br/10yz9qJdaA"
"19597998332,Vestido feminino longo lastex estampado moda evangélica luxo - REF 149,""49,49"",1mil+,AJ3 Moda,16%,""R$7,92"",https://shopee.com.br/product/1395552649/19597998332,https://s.shopee.com.br/1BIPM9J0FD"
"23994398489,kit 3 Blusas Feminina Baby Look Manga Curta Gola Quadrada Decote Quadrado Moda Casual Versátil Blogueira 2025,""52,80"",10mil+,Loja Story 2,8%,""R$4,22"",https://shopee.com.br/product/293097193/23994398489,https://s.shopee.com.br/1LbpYSIMuG"
"22898893401,Conjunto em Malha 100% algodão Shorts e Blusa,""39,92"",10mil+,Betinha Moda,15%,""R$5,99"",https://shopee.com.br/product/414476659/22898893401,https://s.shopee.com.br/1VvFklHjZJ"
"23998145129,Macacão Feminino Pantalona Longo Luxo Festa Elegante Social Casual Chique,""139,90"",1mil+,Atelier_Chic_Moda_Feminina,20%,""R$27,98"",https://shopee.com.br/product/1394205374/23998145129,https://s.shopee.com.br/1gEfx4H6EM"
"22095951241,Blusa de frio feminina delicada com manga bufante texturizada,""69,90"",3mil+,bordamalhas,24%,""R$16,78"",https://shopee.com.br/product/778498799/22095951241,https://s.shopee.com.br/1qY69NGStP"
"19399260911,KIT 3 Blusas Feminina Cacharrel Gola Alta Manga Longa Segunda Pele Básica Para Inverno Frio,""57,99"",3mil+,GYZER ,22%,""R$12,76"",https://shopee.com.br/product/968302991/19399260911,https://s.shopee.com.br/20rWLgFpYS"
"58200516597,Conjunto Feminino Blusa e Calça PANTALONA AZUL,""59,99"",1mil+,HERRIS,16%,""R$9,60"",https://shopee.com.br/product/1259685626/58200516597,https://s.shopee.com.br/2BAwXzFCDV"
"9320158151,Macacão social  de alcinha com cinto,""54,51"",20mil+,@boutique_manumodas,""8,1%"",""R$4,36"",https://shopee.com.br/product/392316894/9320158151,https://s.shopee.com.br/2LUMkIEYsY"
"23794439833,Short Feminino Macio Versatil Dia Dia Praia Piscina Confortável Estampa Variada Envio Imediato P-GG,""21,98"",7mil+,DELLA BELLA,19%,""R$4,18"",https://shopee.com.br/product/1324799058/23794439833,https://s.shopee.com.br/2VnmwbDvXb"
"23994378811,Kit 2 Blusa Feminina Mula Manca Suplex com Forro – Moda Blogueira Conforto e Estilo,""35,96"",9mil+,LOJA KP MODAS,24%,""R$8,63"",https://shopee.com.br/product/872074582/23994378811,https://s.shopee.com.br/2g7D8uDICe"
"23098928074,Conjunto Feminino Alfaiataria social. TECIDO PREMIUM,""69,90"",3mil+,R C MODA FEMININA,7%,""R$4,89"",https://shopee.com.br/product/1264622325/23098928074,https://s.shopee.com.br/2qQdLDCerh"
"45051010792,Calça Jeans Wide Leg Feminina Cintura Alta com Listras Laterais Estilo Esportivo Streetwear,""71,19"",2mil+,CAMAROTE JEANS,15%,""R$10,68"",https://shopee.com.br/product/703933439/45051010792,https://s.shopee.com.br/30k3XWC1Wk"
"58201695982,Pijama Feminino Baby Doll Curto Verão Alcinha Barato,""26,90"",3mil+,Emice Store,13%,""R$3,50"",https://shopee.com.br/product/243645524/58201695982,https://s.shopee.com.br/3B3TjpBOBn"
"23494047705,Meia de Compressão Varizes Pernas Cansadas Inchaço Dores 3/4 Zíper Compressão Unissex,""27,99"",5mil+,Bolsa & Cia,20%,""R$5,60"",https://shopee.com.br/product/340651617/23494047705,https://s.shopee.com.br/3LMtw8Akqq"
"23598046852,kit 3 conjunto feminino short feminino de moletom camiseta básica feminina blusa mais short de bolso blusa gola o,""132,90"",4mil+,Nandamatos.store,7%,""R$9,30"",https://shopee.com.br/product/934481538/23598046852,https://s.shopee.com.br/3VgK8RA7Vt"
"22099059804,Calça Feminina Flare Pantalona Bege Jeans Premium Empina Bumbum Boca de Sino Cos Alto Com Elastano,""59,99"",9mil+,Mark Jeans Wear,8%,""R$4,80"",https://shopee.com.br/product/549655861/22099059804,https://s.shopee.com.br/3fzkKk9UAw"
"23994231697,Kit 5 pijamas baby dool sortidos SUEDE personagem,""27,90"",4mil+,Atacadão da Moda Intima nf,10%,""R$2,79"",https://shopee.com.br/product/538064890/23994231697,https://s.shopee.com.br/3qJAX38qpz"
"22492998795,Casaco Sobretudo Parca Feminino Lã Premium,""135,90"",2mil+,Level Co.,13%,""R$17,67"",https://shopee.com.br/product/590361036/22492998795,https://s.shopee.com.br/40cajM8DV2"
"23498366207,Kit Camisa Mãe e Filha Quando o amor transbordou - Camisetas Tal Mãe Tal Filha Combinando Look Mães,""63,00"",100,Estampa&Encanta,15%,""R$9,45"",https://shopee.com.br/product/367899561/23498366207,https://s.shopee.com.br/4Aw0vf7aA5"
"23598464969,Cardigan Xadrez Casaco Kimono Sobretudo Tricô Moda Inverno Elegante Feminino Frio Lã Boho,""59,99"",10mil+,Estilo Blogueirinha,15%,""R$9,00"",https://shopee.com.br/product/319913137/23598464969,https://s.shopee.com.br/4LFR7y6wp8"
"21097630324,Short modelo Alfaiataria Zarah cintura Alta Feminino Elegante Versátil & Confortável,""15,99"",50mil+,Kairos_Moda,9%,""R$1,44"",https://shopee.com.br/product/263890949/21097630324,https://s.shopee.com.br/4VYrKH6JUB"
"20599650404,Blusa De Frio Feminina Com Trança Moda Blogueira Tendência 2025 Blusa Tricot Manga Bufante,""49,00"",4mil+,COSTAFE MALHAS ,15%,""R$7,35"",https://shopee.com.br/product/543316913/20599650404,https://s.shopee.com.br/4fsHWa5g9E"
"22293882490,""kit blusa camiseta mãe e filha, tshirt mamãe e filho dia das mães presente ensaio BENÇÃO DE DEUS, cristã plus size"",""30,90"",223,CHARME TSHIRTERIA SP,19%,""R$5,87"",https://shopee.com.br/product/372262336/22293882490,https://s.shopee.com.br/4qBhit52oH"
"20363604137,MACACÃO LONGO CANOA OMBRO A OMBRO DUNA,""66,00"",9mil+,shin_bel,20%,""R$13,20"",https://shopee.com.br/product/440554080/20363604137,https://s.shopee.com.br/50V7vC4PTK"
"27794050555,Calça Jeans Feminina Cargo Wide Leg Cintura Alta Listras Laterais Estilo Esportivo Streetwear,""69,91"",4mil+,CAMAROTE JEANS,16%,""R$11,19"",https://shopee.com.br/product/703933439/27794050555,https://s.shopee.com.br/5AoY7V3m8N"
"23994398611,kit 3 Blusas Feminina Baby Look Manga Curta Gola Quadrada Decote Quadrado Moda Casual Versátil Blogueira 2025,""47,00"",10mil+,Wenew Store,13%,""R$6,11"",https://shopee.com.br/product/1518914283/23994398611,https://s.shopee.com.br/5VROW72VSS"
"22793964738,Conjunto Vestido Tomara Que Caia Com Blusa Capa Dunas,""49,87"",4mil+,C&G Boutique,13%,""R$6,48"",https://shopee.com.br/product/374676574/22793964738,https://s.shopee.com.br/5L7yJo38nR"
"52600872706,Bermuda Jeans Feminina Comprida Jorts Cintura Alta Casual,""62,78"",2mil+,CAMAROTE JEANS,15%,""R$9,42"",https://shopee.com.br/product/703933439/52600872706,https://s.shopee.com.br/5q4Euj1EmY"
"23198792598,vestido regata con botom perolados com bolço y tem laço,""74,80"",4mil+,T&K MODAS FEMININAS,3%,""R$2,24"",https://shopee.com.br/product/896347166/23198792598,https://s.shopee.com.br/5fkoiQ1s7X"
"21198031054,Kit 2 Regatas Blusinha Feminina Básica Elegante Moda Blogueira Tendencia Tecido Helanca,""29,90"",4mil+,SPF VARIEDADES,13%,""R$3,89"",https://shopee.com.br/product/942279253/21198031054,https://s.shopee.com.br/6Ah5JKzy6e"
"20018437267,Conjunto Kimono Top Short Kimono Casual Elegante,""53,63"",10mil+,Pura Confecções,16%,""R$8,58"",https://shopee.com.br/product/627902193/20018437267,https://s.shopee.com.br/60Nf720bRd"
"58254261558,Kit 2 Conjuntos Camisola + Pijama Feminino Baby Doll Sexy Lingerie Coração,""37,99"",654,Lualuu,12%,""R$4,56"",https://shopee.com.br/product/897545291/58254261558,https://s.shopee.com.br/6VJvhwyhQk"
"17592293854,Blusa Feminina De Tricot Manga Longa Colmeia Onda Tricô Inverno Suéter Trico,""39,90"",6mil+,Storesthe,10%,""R$3,99"",https://shopee.com.br/product/215743890/17592293854,https://s.shopee.com.br/6L0VVdzKlj"
"22398326637,Blusa Mula Manca Feminina Com Fivela,""22,55"",10mil+,SEJA SEMPRE LINDA,15%,""R$3,38"",https://shopee.com.br/product/258730663/22398326637,https://s.shopee.com.br/6pwm6YxQkq"
"23494532465,Conjunto de Linho Manga Curta Com Botão De Short Cintura Elastek,""84,99"",414,COELIN FASHION LTDA,21%,""R$17,85"",https://shopee.com.br/product/1309613056/23494532465,https://s.shopee.com.br/6fdLuFy45p"
"22598355594,Baby Doll Canelado com Renda Conforto Estilo Noites Suaves Pijama,""30,54"",30mil+,Thyanna Confecções,16%,""R$4,89"",https://shopee.com.br/product/510403951/22598355594,https://s.shopee.com.br/7AZcVAwA4w"
"13738041371,Macacão macaquinho jardineira de carga longo feminino com bolsos no cinto e alça de ombro amarrada no tornozelo,""99,62"",1mil+,beautiful_diary,10%,""R$9,96"",https://shopee.com.br/product/572324101/13738041371,https://s.shopee.com.br/70GCIrwnPv"
"21398271131,Body Feminino Com Bojo Canelado Ad,""33,99"",5mil+,SEJA SEMPRE LINDA,15%,""R$5,10"",https://shopee.com.br/product/258730663/21398271131,https://s.shopee.com.br/7VCStmutP2"
"23799022145,Kit Conjunto 1 Body Gola QUADRADA Neutras  + Short Neutro em Alfaiataria com cinto Moda Blogueira Tendencia 2026,""69,75"",3mil+,Intimates Store,10%,""R$6,98"",https://shopee.com.br/product/756608348/23799022145,https://s.shopee.com.br/7Kt2hTvWk1"
"18998140799,""Vestido Maxi Midi, Alça Regulavel,Tricoline Estampado Barrado 100%Algodấo,Forrado"",""142,50"",149,MODAS FE,14%,""R$19,95"",https://shopee.com.br/product/1194952981/18998140799,https://s.shopee.com.br/7ppJIOtcj8"
"58202299160,Calça Feminina Pantalona Wide Leg Duna com Bolso elastico Cintura Alta Tendência,""27,90"",5mil+,alicias.moda,15%,""R$4,19"",https://shopee.com.br/product/1629591237/58202299160,https://s.shopee.com.br/7fVt65uG47"
"50656707662,kit 2 Blusa Regata Femenina Assimétrica Moderna Bico Diagonal DUNA,""34,99"",2mil+,Modas Thaise,7%,""R$2,45"",https://shopee.com.br/product/1371217704/50656707662,https://s.shopee.com.br/8AS9h0sM3E"
"22998749785,Conjunto  Feminino  Tendência   ASSIMÉTRICO PREMIUM,""59,99"",1mil+,HERRIS,16%,""R$9,60"",https://shopee.com.br/product/1259685626/22998749785,https://s.shopee.com.br/808jUhszOD"
"43801619415,""Macaquinho Feminino de Alcinha Canelado, Academia, festa"",""19,99"",10mil+,PERSEVERANÇAMODAS,16%,""R$3,20"",https://shopee.com.br/product/1161163834/43801619415,https://s.shopee.com.br/8V505cr5NK"
"44265373159,Calça Jeans Feminina Wide Leg Cintura Alta Pantalona MARMORIZADA CINTURA ALTA,""59,90"",10mil+,Platinum Jeans,8%,""R$4,79"",https://shopee.com.br/product/1506519047/44265373159,https://s.shopee.com.br/8KlZtJriiJ"
"23493928431,Cropped Sereia Concha Liso Moda Blogeira Retro Neoprene com Bojo Balada,""29,98"",1mil+,BaymaModas,17%,""R$5,10"",https://shopee.com.br/product/1195082438/23493928431,https://s.shopee.com.br/8phqUEpohQ"
"22098079837,Conjunto em Alfaiataria Lisa e Poá Com Saia Midi e Blusa com Detalhe na Gola,""113,00"",1mil+,Maria Li Modas,16%,""R$18,08"",https://shopee.com.br/product/426528238/22098079837,https://s.shopee.com.br/8fOQHvqS2P"
"14617458808,Vestido Longo Feminino Com Botão Solto Estampado Vestido Camisa,""40,42"",576,Dylwp Roupas Femininas,27%,""R$10,91"",https://shopee.com.br/product/340310540/14617458808,https://s.shopee.com.br/9AKgsqoY1W"
"6841921304,Macaquinho Curto Feminino Verão de Alça Dupla com Zíper nas CostasP|M|G|GG,""99,90"",222,Mira Luxo Modas,21%,""R$20,98"",https://shopee.com.br/product/284502375/6841921304,https://s.shopee.com.br/901GgXpBMV"
"23098898325,Cinta Modelador Fio Duplo Feminina Cetinete Conforto Compressão,""59,99"",786,Fortal Magazine,9%,""R$5,40"",https://shopee.com.br/product/315548164/23098898325,https://s.shopee.com.br/9UxXHSnHLc"
"46856019453,Conjunto Alfaiataria  Feminino Curto Tomara Que Caia e Shorts Blogueira,""119,90"",625,Blog Stores,8%,""R$9,59"",https://shopee.com.br/product/1009317201/46856019453,https://s.shopee.com.br/9Ke759nugb"
"22497753584,Short Alfaiataria Feminino Social com Cinto Cintura Alta PROMOÇÃO,""18,90"",70mil+,Elegância & Você,8%,""R$1,51"",https://shopee.com.br/product/1343492381/22497753584,https://s.shopee.com.br/9paNg4m0fi"
"21098547793,Kit Camisola Amamentação Pós Parto Com Robe de Romantic e Renda Vestido Maternidade Gestante,""49,90"",4mil+,Avezo Modas,23%,""R$11,48"",https://shopee.com.br/product/719869912/21098547793,https://s.shopee.com.br/9fGxTlme0h"
"44805608370,Calça Wide Leg Jeans Marmorizada Premium Levanta Bumbum Cintura Alta Perna Larga Calça Pantalona,""65,85"",444,Mundo Jeans Premium,15%,""R$9,88"",https://shopee.com.br/product/545724988/44805608370,https://s.shopee.com.br/AADE4gkjzo"
"58251611078,Conjunto em linho importado camisa e short com forrado casaul elegante para seu looks coreção novo em verão,""129,99"",4mil+,lefemoda,14%,""R$18,20"",https://shopee.com.br/product/439722662/58251611078,https://s.shopee.com.br/9ztnsNlNKn"
"28603118425,Lovito Regata Casual Com Laço Liso Para Mulheres LNA65225,""43,80"",2mil+,Lovito Loja Oficial,13%,""R$5,69"",https://shopee.com.br/product/426378412/28603118425,https://s.shopee.com.br/AUq4TIjTJu"
"23597695732,Vestido Mídi Alça Rodado Vestido Moda Cristã Feminino  Casual De Alça Liso,""48,00"",1mil+,MAGIC MODA,30%,""R$14,40"",https://shopee.com.br/product/382946557/23597695732,https://s.shopee.com.br/AKWeGzk6et"
"23897562583,shortinho linho com elástico na cintura forrado doo PP oa G2,""59,99"",20mil+,Zilli Style,16%,""R$9,60"",https://shopee.com.br/product/773974758/23897562583,https://s.shopee.com.br/BPsAJMoHw"
"44410683550,Conjunto Feminino Calça Pantalona com Blusa feminina Manga Curta,""64,99"",20mil+,Monarkamodas,13%,""R$8,45"",https://shopee.com.br/product/1021606058/44410683550,https://s.shopee.com.br/16Ry0NRcv"
"40459348822,Kit até 10 Calcinhas Cintura Alta Modeladora Rupee Em Cores Sortidas,""36,72"",1mil+,Rupee Store,33%,""R$12,12"",https://shopee.com.br/product/1272629606/40459348822,https://s.shopee.com.br/W2iYvLXc2"
"15569121811,Blazer Feminino Casaquinho Maxi Longo Sobretudo Alfaiataria Social Blazer Com Botão,""47,15"",20mil+,joker_ji_cn,8%,""R$3,77"",https://shopee.com.br/product/439954127/15569121811,https://s.shopee.com.br/LjIMcMAx1"
"23931899885,Macacao Feminino Decotado Alcinha 2 Fendas Pantalona,""49,99"",2mil+,FÊNIX FRF,28%,""R$14,00"",https://shopee.com.br/product/824474412/23931899885,https://s.shopee.com.br/qfYxXKGw8"
"22599192898,Conjunto Duna Chic – Camisão + Short,""70,00"",1mil+,HeloConfecções,17%,""R$11,90"",https://shopee.com.br/product/872626538/22599192898,https://s.shopee.com.br/gM8lEKuH7"
"23999028190,Pijama de Botão Americano Feminino Blogueira Estiloso Temático Meia Manga Short Doll Fofo,""56,59"",4mil+,WS ATACADISTA,16%,""R$9,05"",https://shopee.com.br/product/521503588/23999028190,https://s.shopee.com.br/1BIPM9J0GE"
"41673698200,Kit 2 Blusa Feminina Estilosa Ribana Canelado Casual Tendência Verão,""40,68"",10mil+,Modama Oficial,18%,""R$7,32"",https://shopee.com.br/product/1339164485/41673698200,https://s.shopee.com.br/10yz9qJdbD"
"19825499678,Kit 2 Casaquinho Tricô Feminino Manga Longa,""29,90"",60mil+,Sal & Rosa,13%,""R$3,89"",https://shopee.com.br/product/372739370/19825499678,https://s.shopee.com.br/1VvFklHjaK"
"23898633363,CONJUNTO  EM  ALFAIATARIA  CALÇA E  COLETE   LOOK CASUAL  CHIC TENDENCIA 2026🔥🔥🔥,""78,54"",3mil+,MODAS BARBARA,19%,""R$14,92"",https://shopee.com.br/product/1388617340/23898633363,https://s.shopee.com.br/1LbpYSIMvJ"
"22597367269,KIT 2 Short Cós Alta Qualidade Segunda Pele Bermuda Anágua Liso Feminina,""22,90"",40mil+,THE KLEN Store,16%,""R$3,66"",https://shopee.com.br/product/985018573/22597367269,https://s.shopee.com.br/1qY69NGSuQ"
"21272611404,Calça Pantalona Feminina Cintura Alta no moletom confortável e estilosa Calça Wide Leg Moletom Feminina conjunto moletom,""49,90"",30mil+,Nandamatos.store,14%,""R$6,99"",https://shopee.com.br/product/934481538/21272611404,https://s.shopee.com.br/1gEfx4H6FP"
"23598568886,Cropped Top Feminino Personalizado Copa 2026 ESTHER BRAZIL,""29,94"",969,MYDREAMS1,18%,""R$5,39"",https://shopee.com.br/product/587578299/23598568886,https://s.shopee.com.br/2BAwXzFCEW"
"41406929361,Conjunto Feminino Alfaiataria Blusa Colete Calça Pantalona Social Elegante com Botão Trabalho Festa Moda Evangélica,""59,90"",3mil+,Doce Glamour Fashion,16%,""R$9,58"",https://shopee.com.br/product/636417604/41406929361,https://s.shopee.com.br/20rWLgFpZV"
"13640111690,Shorts Jeans Feminino Colorido Rasgados Cintura Alta,""59,90"",10mil+,Zatter Jeans Store,3%,""R$1,80"",https://shopee.com.br/product/543845230/13640111690,https://s.shopee.com.br/2VnmwbDvYc"
"21498141234,SAIA ENVELOPE TRANSPASSADA COM FORRO VÁRIAS MANEIRAS DE USAR,""29,59"",6mil+,H_Amoda femenina,18%,""R$5,33"",https://shopee.com.br/product/1359950682/21498141234,https://s.shopee.com.br/2LUMkIEYtb"
"22394683649,T-Shirt Feminina Yoga Fitness Estampada Blusa 100% Algodão Envio Imediato,""27,90"",9mil+,Tee Heaven,10%,""R$2,79"",https://shopee.com.br/product/1574126113/22394683649,https://s.shopee.com.br/2qQdLDCesi"
"41715737413,Conjunto Feminino Alfaiataria Blusa Colete e Calça Pantalona Social Elegante com Botão Moda Mulher Evangélica Verão,""59,90"",4mil+,Doce Glamour Fashion,16%,""R$9,58"",https://shopee.com.br/product/636417604/41715737413,https://s.shopee.com.br/2g7D8uDIDh"
"23698061952,Kit 2 Short Feminino Alfaiataria Social com dois Cinto Cintura Alta PROMOÇÃO,""38,90"",10mil+,NFT MODAS,20%,""R$7,78"",https://shopee.com.br/product/1027435385/23698061952,https://s.shopee.com.br/3B3TjpBOCo"
"23293978804,Calça Pantalona De Linho Com Cinto Fake e Cintura Alta e Bolsos,""49,99"",10mil+,romeromodasltda,14%,""R$7,00"",https://shopee.com.br/product/1483626750/23293978804,https://s.shopee.com.br/30k3XWC1Xn"
"27092535522,Blusa Feminina Elegante Mula Manca Assimétrica Casual Ombro Único Com Franzido,""24,89"",20mil+,KGB CLOSET,17%,""R$4,23"",https://shopee.com.br/product/1101963744/27092535522,https://s.shopee.com.br/3VgK8RA7Wu"
"22494247394,CONJUNTO  FEMININO SOCIAL EN ALFAIATARIA PERFEITO PARA TRABALHO OU  PASSEIO COLETE E SHORTS,""51,99"",6mil+,MODAS BARBARA,19%,""R$9,88"",https://shopee.com.br/product/1388617340/22494247394,https://s.shopee.com.br/3LMtw8Akrt"
"21798890887,Short Jeans Feminino Mom Short Jeans Cintura Alta Sem Lycra Bermuda Jeans feminina conjunto feminino,""54,90"",10mil+,OliverStyle,12%,""R$6,59"",https://shopee.com.br/product/1063200987/21798890887,https://s.shopee.com.br/3qJAX38qr0"
"22894519217,Kit de Calcinhas Fio Duplo Levanta Bumbum Fio Dental Confortável Forro em Algodão Sensual,""33,99"",10mil+,Lumen Lingerie,17%,""R$5,78"",https://shopee.com.br/product/1007722569/22894519217,https://s.shopee.com.br/3fzkKk9UBz"
"18099289187,Blusa de frio delicada com estampa em cerejinhas,""49,90"",2mil+,Doce tricot,20%,""R$9,98"",https://shopee.com.br/product/1180901138/18099289187,https://s.shopee.com.br/4Aw0vf7aB6"
"27568724319,Conjuntos de manga longa em torno do pescoço impresso moletom e leggings,""98,33"",557,Loja de fábrica de roupas WANGPAI,18%,""R$17,70"",https://shopee.com.br/product/970127066/27568724319,https://s.shopee.com.br/40cajM8DW5"
"22898915002,Calça Jeans Feminina Wide Leg Marmorizada Pantalona Cintura Alta Tecido Grosso Elegante Confortável,""67,20"",4mil+,Dolte Jeans,11%,""R$7,39"",https://shopee.com.br/product/1577918830/22898915002,https://s.shopee.com.br/4VYrKH6JVC"
"23630821156,Blusa de frio feminina estilo blogueirinha moda 2023,""69,90"",10mil+,bordamalhas,24%,""R$16,78"",https://shopee.com.br/product/778498799/23630821156,https://s.shopee.com.br/4LFR7y6wqB"
"22998132143,Kit 2 Blusas Feminina Gola Alta Manga Curta,""38,40"",1mil+,Lunna.Modas,23%,""R$8,83"",https://shopee.com.br/product/1446905449/22998132143,https://s.shopee.com.br/4qBhit52pI"
"18899841725,Conjunto Feminino Casual Blusa e Saia Inverno Modelador Canelado Gola Alta Elegante Aconchegante,""139,90"",268,MAX MIX,16%,""R$22,38"",https://shopee.com.br/product/595629696/18899841725,https://s.shopee.com.br/4fsHWa5gAH"
"26992178231,Lovito Calças Casuais Zíper Bolso Falso Botão Todas As Estações Calças Cáqui Clássica E Versátil para Mulheres L154ED040,""75,90"",108,Lovito Loja Oficial,7%,""R$5,31"",https://shopee.com.br/product/426378412/26992178231,https://s.shopee.com.br/5AoY7V3m9O"
"28874550138,Lovito Saia Plus Size Curva Casual Lisa Com Botões Para Mulheres LNL83250,""56,94"",2mil+,Lovito Loja Oficial,7%,""R$3,99"",https://shopee.com.br/product/426378412/28874550138,https://s.shopee.com.br/50V7vC4PUN"
"18897790475,Macacão Social Longo Elegante Frente Única Fenda Frontal Lastex nas Costas,""59,27"",4mil+,Erik_fashion,19%,""R$11,26"",https://shopee.com.br/product/1281428584/18897790475,https://s.shopee.com.br/5fkoiQ1s8W"
"23898929983,Conjunto Feminino Calça larga cintura alta Blusa manga longa botões,""129,99"",1mil+,Dia  de Mulher,10%,""R$13,00"",https://shopee.com.br/product/1001241129/23898929983,https://s.shopee.com.br/4Aw0vmr5E0"
"20539963333,Vestido longo moda cristã feminino em Viscose/Viscolinho casual de alça Muito Lindo com elástico.,""62,00"",1mil+,MAGIC MODA,30%,""R$18,60"",https://shopee.com.br/product/382946557/20539963333,https://s.shopee.com.br/40cajTriYz"
"21198316548,Shorts Saia Jeans 100% Algodão Short Saia Jeans Algodão Premium Moda Blogueira,""84,61"",10mil+,Olhares Store,15%,""R$12,69"",https://shopee.com.br/product/1293271124/21198316548,https://s.shopee.com.br/4VYrKOpoY6"
"22298888626,Kit 3 Blusa Feminina Suplex Manga Curta Baby tee,""41,50"",30mil+,M.C FASHION,13%,""R$5,40"",https://shopee.com.br/product/1478384555/22298888626,https://s.shopee.com.br/4LFR85qRt5"
"22494425870,Conjunto Linhão Feminino Com Cinto Verão 2025,""62,40"",7mil+,miguelmodas710,18%,""R$11,23"",https://shopee.com.br/product/1214595010/22494425870,https://s.shopee.com.br/4qBhj0oXsC"
"25210590384,""Sutiã Feminino Push Up Plus Size Copo Completo Ajustável-Preto \ Cinza Pele , Suporte Superior Dobrável Lateral Para Lev"",""19,80"",20mil+,Choice Oficial,7%,""R$1,39"",https://shopee.com.br/product/1006215031/25210590384,https://s.shopee.com.br/4fsHWhpBDB"
"22898148410,Kit 2 Baby Doll Short Confortável Renda Delicada Fresco,""66,84"",7mil+,Atacadão Mixx,13%,""R$8,69"",https://shopee.com.br/product/1415413030/22898148410,https://s.shopee.com.br/5AoY7cnHCI"
"58253804767,Camiseta Regata Top Cropped Brasil Canelada Premium Cores Vivas Verão,""38,61"",94,Boutique Thais Matos,27%,""R$10,42"",https://shopee.com.br/product/1143665680/58253804767,https://s.shopee.com.br/50V7vJnuXH"
"58202513550,Conjunto  Feminino Plus Size com Blusa T-shirt e Short Meia Coxa Malha 100% Algodão,""49,90"",3mil+,Jadore Plus Size,7%,""R$3,49"",https://shopee.com.br/product/1113241364/58202513550,https://s.shopee.com.br/2qQdLKw9vs"
"23393787289,Kit Calcinhas Confortável Sem Costura Leve Poliamida,""21,20"",40mil+,Ferraz Modas,10%,""R$2,12"",https://shopee.com.br/product/379507619/23393787289,https://s.shopee.com.br/2g7D91wnGr"
"22594169245,Short Feminino Cintura Alta Soltinho Malha Viscolycra Premium Novo Brisa,""26,80"",10mil+,WM Curvas,24%,""R$6,43"",https://shopee.com.br/product/1454884597/22594169245,https://s.shopee.com.br/3B3TjwutFy"
"23098798791,Blusa Feminina Drapeada Ribana Algodão Elegante Mula Manca Um Ombro só Blusinha Verão novidade,""23,75"",4mil+,REBELDIA CONFECCOES,20%,""R$4,75"",https://shopee.com.br/product/1600983850/23098798791,https://s.shopee.com.br/30k3XdvWax"
"51800836647,Lovito Conjunto Elegante Blusa Calça Listrada Shorts Fivela Metálica Primavera/verão Calça Marrom Para Mulheres LBL30237,""40,50"",608,Lovito Loja Oficial,7%,""R$2,84"",https://shopee.com.br/product/426378412/51800836647,https://s.shopee.com.br/3VgK8Ytca4"
"21799847744,Calça Pantalona Alfaiataria Pantalona com Cinto,""62,99"",10mil+,Moda Mania Feminina,3%,""R$1,89"",https://shopee.com.br/product/770860156/21799847744,https://s.shopee.com.br/3LMtwFuFv3"
"58203226233,Vestido Curto Ribana Brasil Copa do Mundo 2026,""58,99"",34,KSSTORE,7%,""R$4,13"",https://shopee.com.br/product/1198762464/58203226233,https://s.shopee.com.br/3qJAXAsLuA"
"22698943195,Blusa Top Cropped Com Amarraçao Multiformas Decote Forado Festa Moda Gringa Decotado Suplex Premium Sexy Sustentaçao Sli,""23,99"",5mil+,FLORÊ MODAS,15%,""R$3,60"",https://shopee.com.br/product/1562881450/22698943195,https://s.shopee.com.br/3fzkKrszF9"
"23098286259,Conjunto Feminino Canelado Calça e Blusa Malha Com Elastano Premium,""69,90"",9mil+,SANTA FE MODAS,13%,""R$9,09"",https://shopee.com.br/product/481327591/23098286259,https://s.shopee.com.br/6fdLuNhZ9k"
"23698685589,Macaquinho Alça fina Slim Fitness Academia Feminino,""39,99"",20mil+,RNK MODAS,20%,""R$8,00"",https://shopee.com.br/product/1129144732/23698685589,https://s.shopee.com.br/6pwm6ggvon"
"22898159388,NOVO Vestido Suplex Longo Colado Fenda Lateral Costas Nuas Elegância e Estilo!,""34,90"",3mil+,Prestige Fashion,13%,""R$4,54"",https://shopee.com.br/product/1002683677/22898159388,https://s.shopee.com.br/70GCIzgITq"
"22094256582,Kit 2 T-shirt Lisa Sem Estampa Feminina e Masculina 100% Algodão Camisa Unissex,""38,99"",10mil+,Follow Vision,3%,""R$1,17"",https://shopee.com.br/product/1344218477/22094256582,https://s.shopee.com.br/7AZcVIff8t"
"51204161256,Conjunto Feminino Calça + Blusa Linho,""48,99"",6mil+,Mave modas,3%,""R$1,47"",https://shopee.com.br/product/973008370/51204161256,https://s.shopee.com.br/7Kt2hbf1nw"
"58205971549,Par Meia Média Compressão Varizes Pernas Cansadas Inchaço Dores 3/4 Zíper Compressão Unissex,""18,90"",3mil+,Veritashopping,12%,""R$2,27"",https://shopee.com.br/product/566484985/58205971549,https://s.shopee.com.br/7VCStueOSz"
"14925825380,KIT CAMISOLA AMAMENTAÇÃO E ROBE,""72,99"",90mil+,Roupa de  Dormir dia e noite,15%,""R$10,95"",https://shopee.com.br/product/614372980/14925825380,https://s.shopee.com.br/7fVt6Ddl82"
"57456291160,Regata Feminina Brasil Copa Canelada Bandeira Camiseta Blusinha Torcida Verão Mulher Br Básica Algodão Moda Blogueira,""35,99"",1mil+,MB DOMINGOS,15%,""R$5,40"",https://shopee.com.br/product/1525109190/57456291160,https://s.shopee.com.br/7ppJIWd7n5"
"23198369308,Conjunto Feminino Calça Jogger e Blusa Canguru C Capuz Tipo Moletom Para o Frio Inverno C Lycra,""69,99"",2mil+,GYZER ,22%,""R$15,40"",https://shopee.com.br/product/968302991/23198369308,https://s.shopee.com.br/5L7yJvmdrc"
"22498290460,""Vestido Femenino Chemise Longo Elegante Plus Size Con Botões, Manga Ajustable,3/4,Tecido Viscolinho"",""85,00"",2mil+,K&N.modas,16%,""R$13,60"",https://shopee.com.br/product/1114798043/22498290460,https://s.shopee.com.br/5VROWEm0Wf"
"23397687746,Calça Pantalona Plus  Cize Tecido Alfiataria DO GG  AO  G3 é G4,""66,00"",10mil+,F&D Style,16%,""R$10,56"",https://shopee.com.br/product/1158221846/23397687746,https://s.shopee.com.br/5fkoiXlNBi"
"22294463152,Kit 3 Body Collant Feminino Blusa Manga Curta Drapeado Bory Básico Moda Blogueira,""59,49"",2mil+,GYZER ,22%,""R$13,09"",https://shopee.com.br/product/968302991/22294463152,https://s.shopee.com.br/5q4Euqkjql"
"22694184762,Conjunto Feminino Uma Alça Social Duna Elegante Blusa Nula Manga e Calça Pantalona Alfaiataria Mula Manca Moda Promoção,""59,90"",933,Lanour MODA,16%,""R$9,58"",https://shopee.com.br/product/1491044633/22694184762,https://s.shopee.com.br/60Nf79k6Vo"
"23562510052,""Joyjoy Conjunto de Pijama de Cetim Plus Size, Duas Peças, Camiseta de Manga Curta e Shorts, M-2XL"",""24,99"",94,joyjoy01.br,10%,""R$2,50"",https://shopee.com.br/product/1104180297/23562510052,https://s.shopee.com.br/6Ah5JSjTAr"
"21659402536,Jaleco Feminino Acinturado Oxford Manga Longa Com Zíper Gola Padre Várias Cores Estética Enfermagem,""39,90"",70mil+,VM Jalecos e Acessórios,18%,""R$7,18"",https://shopee.com.br/product/474525354/21659402536,https://s.shopee.com.br/6L0VVlippu"
"18198031789,kit 3 blusinha básica baby look camiseta viscorycla estampas variados,""46,50"",10mil+,Gil_Cai,3%,""R$1,40"",https://shopee.com.br/product/1379124843/18198031789,https://s.shopee.com.br/6VJvi4iCUx"
"22493249683,Conjunto Feminino Varias Cores Lançamento Verão Short e Blusa,""59,90"",10mil+,Level Co.,16%,""R$9,58"",https://shopee.com.br/product/590361036/22493249683,https://s.shopee.com.br/9Ke75HXPkW"
"23897628189,Short Alfaiataria Feminino Social Cintura Alta Com Cinto Com Bolso ENVIO IMEDIATO,""19,90"",70mil+,MS Store Fashion,11%,""R$2,19"",https://shopee.com.br/product/1257430105/23897628189,https://s.shopee.com.br/9UxXHaWmPZ"
"23292971525,Casaco Cardigan Aberto Manga Longa Tranças Tricô Inverno Lançamento,""54,89"",9mil+,Moda Ecomm,23%,""R$12,62"",https://shopee.com.br/product/1134807387/23292971525,https://s.shopee.com.br/9fGxTtW94c"
"58206430216,Cropped Brasil Feminino Torcedora Copa Canelado Bordado Manga Curta Verde Amarelo Tendencia,""24,80"",4,REI DA CONFECCAO,53%,""R$13,14"",https://shopee.com.br/product/1027899621/58206430216,https://s.shopee.com.br/9paNgCVVjf"
"22799140254,Conjunto Feminino Alfaiataria Shorts e Blusa Casual Elegante,""63,99"",745,Aconsull,14%,""R$8,96"",https://shopee.com.br/product/1515956837/22799140254,https://s.shopee.com.br/9ztnsVUsOi"
"23898998420,Kit Calcinhas Fio Dental Feminina Algodão Canelado Confortável Sexy Dia a Dia,""19,90"",10mil+,Amanhecer,13%,""R$2,59"",https://shopee.com.br/product/1351844299/23898998420,https://s.shopee.com.br/AADE4oUF3l"
"22594379133,Calça Feminina Pantalona Duna Confortavel Bolso Botão,""29,99"",20mil+,Yasmin Moda balada,9%,""R$2,70"",https://shopee.com.br/product/744422015/22594379133,https://s.shopee.com.br/AKWeH7Tbio"
"53606178917,Blusa T-Shirt Camiseta Brasil Feminina Manga Curta Copa Do Mundo Moda Verão,""29,90"",529,Closet Malu,33%,""R$9,87"",https://shopee.com.br/product/380118576/53606178917,https://s.shopee.com.br/AUq4TQSyNr"
"19599074190,Conjunto Alfaiataria Social Feminino Calça e Blusa Em Linho,""62,99"",80mil+,Anabystore,14%,""R$8,82"",https://shopee.com.br/product/675760682/19599074190,https://s.shopee.com.br/808jUpcUSO"
"22697559457,calça jeans feminina preta grafite de alta qualidade cintura alta empina bumbum,""38,99"",30mil+,Mhmodas store,11%,""R$4,29"",https://shopee.com.br/product/540093765/22697559457,https://s.shopee.com.br/8AS9h8br7R"
"22998875994,VESTIDO DE TULE LONGO SEM MANGA CASUAL,""82,99"",948,CRISTAL MODAS OFICIAL,22%,""R$18,26"",https://shopee.com.br/product/1262644782/22998875994,https://s.shopee.com.br/8KlZtRbDmU"
"22293929581,Body Regata Feminino Bory com Bojo Tecido Ribana Prime CONFORTAVEL,""27,29"",10mil+,POLY MODA FEMININA,17%,""R$4,64"",https://shopee.com.br/product/1219303534/22293929581,https://s.shopee.com.br/8V505kaaRX"
"47505680089,Conjunto Feminino de Moletom Calça Jogger e Cropped Com Capuz para Inverno,""104,99"",25,Modas Emy,43%,""R$45,15"",https://shopee.com.br/product/1302734125/47505680089,https://s.shopee.com.br/8fOQI3Zx6a"
"22593106448,Calça Cargo Jeans Feminina Folgada Com Bolsos Rasgos (Premium) Na Moda,""79,90"",3mil+,PROVIDÊNCIA JEANS,13%,""R$10,39"",https://shopee.com.br/product/458017963/22593106448,https://s.shopee.com.br/8phqUMZJld"
"20297975696,calça jeans feminina marmorizada com Lycra empina bumbum,""49,55"",30mil+,Mhmodas store,11%,""R$5,45"",https://shopee.com.br/product/540093765/20297975696,https://s.shopee.com.br/901GgfYgQg"
"17096332197,Lovito Camiseta Casual Lisa Básica Para Mulheres LNE29126 (Branco/Verde/Preto),""56,13"",20mil+,Lovito Loja Oficial,7%,""R$3,93"",https://shopee.com.br/product/426378412/17096332197,https://s.shopee.com.br/9AKgsyY35j"
"9590982051,Conjunto Feminino Malha Suede Light Calça Jogger Blusa Feminina Confortável Fardamento Roupa,""46,17"",70mil+,MINOLLI,8%,""R$3,69"",https://shopee.com.br/product/513782137/9590982051,https://s.shopee.com.br/1LbpYa1rzE"
"18997789415,Calça Feminina Wide Leg Alfaiataria Varias Cores Lançamento,""48,90"",10mil+,Level Co.,16%,""R$7,82"",https://shopee.com.br/product/590361036/18997789415,https://s.shopee.com.br/1VvFkt1EeH"
"42812330707,Short Alfaiataria Com Cinto Feminino Com Bolso Com Zíper Na Lateral,""31,89"",20mil+,GFR Moda Shop,18%,""R$5,74"",https://shopee.com.br/product/1497311432/42812330707,https://s.shopee.com.br/1gEfxC0bJK"
"23794626758,Vestido Longo Evangélico Feminino Comportado para Igreja Dia a Dia Passeio Elegante,""68,99"",445,Chique Bella Moda Feminina,16%,""R$11,04"",https://shopee.com.br/product/1511351986/23794626758,https://s.shopee.com.br/1qY69UzxyN"
"15947138937,Conjuntos Feminino com Capuz  Inverno Agasalho Moda Blogueira Look para o frio,""70,99"",20mil+,VIVER DA MODA OFICIAL,13%,""R$9,23"",https://shopee.com.br/product/407406406/15947138937,https://s.shopee.com.br/20rWLnzKdQ"
"57503941297,Kit 3 Calcinhas Fio Dental Femininas Sem Costura Poliamida Elastano Conforto Diário,""23,11"",8mil+,CL_moda.íntma,12%,""R$2,77"",https://shopee.com.br/product/1315780451/57503941297,https://s.shopee.com.br/2BAwY6yhIT"
"21399703181,calça pantalona social com pasante tecido sensorial,""69,00"",10mil+,MODAS ROSALES,16%,""R$11,04"",https://shopee.com.br/product/1512136112/21399703181,https://s.shopee.com.br/2LUMkPy3xW"
"21298007234,Camisa Social Manga Longa Feminina De Crepinho Listrado Tecido Não amassa Premium,""39,99"",10mil+,KEISA FASHION,8%,""R$3,20"",https://shopee.com.br/product/454267326/21298007234,https://s.shopee.com.br/2VnmwixQcZ"
"23798698380,Conjunto de camisa de manga comprida + calça de perna larga,""109,99"",8mil+,Lili moda feminina,3%,""R$3,30"",https://shopee.com.br/product/443032183/23798698380,https://s.shopee.com.br/16Ry86wh6"
"20168639262,casaco bleizer feminino LONGO máx p m g gg sobretudo,""27,90"",40mil+,Modas lobizz,16%,""R$4,46"",https://shopee.com.br/product/838970841/20168639262,https://s.shopee.com.br/BPsAR6JM9"
"22093525892,Calça Cargo Feminina Jeans Bolso Lateral Wid Leg 34 ao 44 Pantalona Cintura Alta,""59,99"",20mil+,PREMIUM JEANS GO,15%,""R$9,00"",https://shopee.com.br/product/1338539055/22093525892,https://s.shopee.com.br/LjIMk5g1C"
"23493569512,Macaquinho Fitness Blackout Alcinha Slim Sem Transparência Academia Macacão Crossfit,""56,90"",30mil+,PINK URBAN,23%,""R$13,09"",https://shopee.com.br/product/969401129/23493569512,https://s.shopee.com.br/W2iZ352gF"
"58205114331,Conjunto  Tweed Midi Femenino com Casaco Cropped e Saia Evase Elegante Inverno Chic,""139,99"",24,Modas Flor&Mar,12%,""R$16,80"",https://shopee.com.br/product/1429205100/58205114331,https://s.shopee.com.br/gM8lM4PLI"
"58253544127,Kit 3 Regata Canelada Feminina Lisa Blusa Básica Camiseta Casual,""42,90"",2mil+,lunnamur,14%,""R$6,01"",https://shopee.com.br/product/910626517/58253544127,https://s.shopee.com.br/qfYxf3m0L"
"40665535211,Shorts Feminino De Moletom Cargo Look Casual Versátil e Moderno - ENVIO IMEDIATO !!!,""29,90"",3mil+,TrendyHouse,17%,""R$5,08"",https://shopee.com.br/product/1208095106/40665535211,https://s.shopee.com.br/10yz9y38fO"
"42577150067,Macaquinho Macacão Fitness Feminino Zero Transparência Academia Treino Crossfit,""50,90"",567,AB FIT MODA,28%,""R$14,25"",https://shopee.com.br/product/419739190/42577150067,https://s.shopee.com.br/1BIPMH2VKR"
"19698104578,Pijama Cirurgico Scrub Roupa Privativa Hospitalar - Unissex,""44,99"",20mil+,Manu Modas e Confecçoes,14%,""R$6,30"",https://shopee.com.br/product/1516687887/19698104578,https://s.shopee.com.br/40cajTria0"
"17592293309,KIT 3 ou 1 Unidade Cropped Feminino Canelado Golinha Básica Moda Verão Diversas Cores Carnaval Praia,""26,99"",4mil+,KIWMODAS,22%,""R$5,94"",https://shopee.com.br/product/692455136/17592293309,https://s.shopee.com.br/4Aw0vmr5F3"
"18997109775,VESTIDO MULTIFORMAS LONGO MADRINHAS DE CASAMENTO DESCONTO DE 30% SOMENTE ESSE FINAL DE SEMANA.,""23,79"",1mil+,Landa Anair,28%,""R$6,66"",https://shopee.com.br/product/1018666623/18997109775,https://s.shopee.com.br/4LFR85qRu6"
"10964824524,CALÇA  JEANS WIDE LEG JEANS PANTALONA BOCA LARGA PREMIUM,""59,90"",30mil+,ArbitriumJeans,7%,""R$4,19"",https://shopee.com.br/product/304357487/10964824524,https://s.shopee.com.br/4VYrKOpoZ9"
"22199344913,Conjunto feminino shorts e blusinha moda verão básico,""39,00"",2mil+,Kelinda Modas,3%,""R$1,17"",https://shopee.com.br/product/654549539/22199344913,https://s.shopee.com.br/4fsHWhpBEC"
"19898200604,Kit 3 Cropped Tube Tomara Que Caia RF 015,""31,50"",20mil+,M.C FASHION,13%,""R$4,10"",https://shopee.com.br/product/1478384555/19898200604,https://s.shopee.com.br/4qBhj0oXtF"
"22393937900,Calça Social Feminina Pantalona Alfaiataria Com Cinto Lançamento Moda Luxo Elegancia Social,""39,98"",20mil+,GreenStory,9%,""R$3,60"",https://shopee.com.br/product/1423570800/22393937900,https://s.shopee.com.br/50V7vJnuYI"
"22793563900,Baby Doll Short Doll De Renda Confortável,""40,90"",8mil+,Atacadão Mixx,13%,""R$5,32"",https://shopee.com.br/product/1415413030/22793563900,https://s.shopee.com.br/5AoY7cnHDL"
"58252572995,Conjunto Alfaiataria Feminino Tomara que Caia com Botões + Short Elegante P ao GG,""61,99"",7mil+,FJ Aroni Modas,3%,""R$1,86"",https://shopee.com.br/product/1389509255/58252572995,https://s.shopee.com.br/2g7D91wnHs"
"55656062557,Cropped do Brasil Feminino Bicolor Manga Curta Ribana Babylook Copa Do Mundo Tendência Bandeira,""29,95"",366,Bella Collection,20%,""R$5,99"",https://shopee.com.br/product/1029350442/55656062557,https://s.shopee.com.br/2qQdLKw9wv"
"22394335953,Cinta Modelador Alta Compressão Calcinha Pós Parto Calcinha Modeladora Cinta Modeladora,""19,90"",1mil+,D`Paula Confecções ,38%,""R$7,56"",https://shopee.com.br/product/1445787623/22394335953,https://s.shopee.com.br/30k3XdvWby"
"21270509920,Calça MOM Jeans Feminina Cintura Alta 100% Algodão,""68,89"",50mil+,Ruby Closet,9%,""R$6,20"",https://shopee.com.br/product/932363406/21270509920,https://s.shopee.com.br/3B3TjwutH1"
"23492676873,Conjunto Saia e Cropped Feminina,""59,80"",3mil+,Mari Marina,14%,""R$8,37"",https://shopee.com.br/product/296914949/23492676873,https://s.shopee.com.br/3LMtwFuFw4"
"43514369556,Kit 2 Blusas Feminina Bicolor Regata Canelada Ribana Premium Social Americana Basica Promoção,""24,40"",2mil+,Classica Store,17%,""R$4,15"",https://shopee.com.br/product/318542073/43514369556,https://s.shopee.com.br/3VgK8Ytcb7"
"21798141466,Bady Doll Pijama Personagens Estampado Suede Com Detalhe de Renda Roupa de Dormir Top Doll,""19,90"",10mil+,NC Moda Feminina,13%,""R$2,59"",https://shopee.com.br/product/542438037/21798141466,https://s.shopee.com.br/3fzkKrszGA"
"58253187121,vestido  alça babada longo,""37,14"",2mil+,@boutique_manumodas,""8,1%"",""R$2,97"",https://shopee.com.br/product/392316894/58253187121,https://s.shopee.com.br/3qJAXAsLvD"
"58256850926,tri conjunto veronica  moda feminina  conjunto de três peças saia  blusa e sobretudo moda feminina,""140,62"",45,RENER FASHION,18%,""R$25,31"",https://shopee.com.br/product/883609312/58256850926,https://s.shopee.com.br/7ppJIWd7o0"
"23898670446,KIT 3 Blusas Feminina Manga Longa Cacharrel Confortável Básico Gola Alta,""58,81"",10mil+,WM FASHION,16%,""R$9,41"",https://shopee.com.br/product/451945494/23898670446,https://s.shopee.com.br/7fVt6Ddl8z"
"22994204190,Calça Feminina Jeans Mom Algodão PREMIUM 34 ao 44,""59,99"",20mil+,Ludek Jeans,16%,""R$9,60"",https://shopee.com.br/product/1576963119/22994204190,https://s.shopee.com.br/7VCStueOTy"
"18872038900,Vestido Longo Crochê Tricô Forrado Fenda Lateral Festa Batizado Madrinha Formatura,""94,90"",1mil+,Closet Malu,38%,""R$36,06"",https://shopee.com.br/product/380118576/18872038900,https://s.shopee.com.br/7Kt2hbf1ox"
"23597279828,Pijama Hospitalar Cirúrgico Scrub Feminino Acinturado Varias Cores Tamanhos,""44,99"",70mil+,JR-CONFECÇÕES,7%,""R$3,15"",https://shopee.com.br/product/977457340/23597279828,https://s.shopee.com.br/7AZcVIff9w"
"20498264481,Calça Feminina Alfaiataria Social Com Cinto Casual Elegante Cintura Alta Com Zíper e Bolsos,""72,60"",10mil+,Hisana Moda,16%,""R$11,62"",https://shopee.com.br/product/1479163380/20498264481,https://s.shopee.com.br/70GCIzgIUv"
"19899891733,Calça Jeans Cargo Feminina Confortável Casual Versátil Tendência Elegante Moderna Festas Blogueira,""70,95"",10mil+,MORANA JEANS,28%,""R$19,87"",https://shopee.com.br/product/1022190307/19899891733,https://s.shopee.com.br/6pwm6ggvpu"
"23292853843,""Vestido Longo Feminino Alcinha Fina ,Costa Nua com Bojo ,Canelado Lisa , Fenda Lateral , Verão"",""43,73"",2mil+,CHIPANA-FASHION,""23,45%"",""R$10,06"",https://shopee.com.br/product/905229815/23292853843,https://s.shopee.com.br/6fdLuNhZAt"
"22598129015,Conjunto Duna Calça Pantalona + Blusa Novidade Lançamento Tendencia 2026,""62,09"",4mil+,GLEYS MODAS,17%,""R$10,56"",https://shopee.com.br/product/1212420055/22598129015,https://s.shopee.com.br/6VJvi4iCVs"
"58255020839,Kit 2 Calça Alfaiataria PREMIUM Cintura Alta Com Bolso ENTREGA RAPIDA,""62,80"",4mil+,Helo Fashion Modas,3%,""R$1,88"",https://shopee.com.br/product/1580868970/58255020839,https://s.shopee.com.br/6L0VVlipqr"
"22494326777,Kit 2 Body Feminino Gola Alta e Decote Profundo,""33,00"",1mil+,Aurora Chic,13%,""R$4,29"",https://shopee.com.br/product/502496968/22494326777,https://s.shopee.com.br/6Ah5JSjTBq"
"23199190109,Short Jeans Feminino Marmorizado Sem Lycra Cintura Alta com Bolsos Compridinho Soltinho Confortável,""54,45"",6mil+,Dolte Jeans,11%,""R$5,99"",https://shopee.com.br/product/1577918830/23199190109,https://s.shopee.com.br/60Nf79k6Wp"
"20199677819,Kit Camisa Mãe e Filho Bateria - Camisetas Iguais Tal Mãe Tal Filho Look Combinando Mãe e Filho,""63,00"",39,Estampa&Encanta,15%,""R$9,45"",https://shopee.com.br/product/367899561/20199677819,https://s.shopee.com.br/5q4Euqkjro"
"22494327446,Calça Feminina Slim Social e Casual - Alfaiataria Premium - Cintura Alta com Zíper e Botão PP ao XG - Lançamento Skin,""43,90"",10mil+,La_Charme,13%,""R$5,71"",https://shopee.com.br/product/1312719554/22494327446,https://s.shopee.com.br/5fkoiXlNCn"
"20046202534,Calça Wide Leg CARGO Jeans Feminina Cintura Alta pantalona,""59,89"",80mil+,soberano´s closet,11%,""R$6,59"",https://shopee.com.br/product/306423459/20046202534,https://s.shopee.com.br/5VROWEm0Xm"
"23393823841,Sutiã Tomara que Caia Fecho Frontal Três Níveis Top Sem Alça Reforçado Bojo Removível,""39,78"",30mil+,Luna Studio,13%,""R$5,17"",https://shopee.com.br/product/1456362987/23393823841,https://s.shopee.com.br/5L7yJvmdsl"
"22693651444,Conjunto cropped e short canelado 3D Feminino,""47,49"",5mil+,Vic confecçõess,3%,""R$1,42"",https://shopee.com.br/product/1163102835/22693651444,https://s.shopee.com.br/AUq4TQSyOm"
"23893178722,Blusa Manga Princesa Curta Elegante Tendência Moda Maior Plus Size Botão Moda Casual Tecido Dunas,""29,99"",10mil+,Maria Gabi Moda,18%,""R$5,40"",https://shopee.com.br/product/1117831638/23893178722,https://s.shopee.com.br/AKWeH7Tbjl"
"22799036050,Kit 2 Calça Alfaiataria PREMIUM Com Ziper Lateral Cintura Alta Com Bolso e Cinto PROMOÇÃO do P ao GG,""59,80"",6mil+,MOÇA FAMOSA,17%,""R$10,17"",https://shopee.com.br/product/1613326394/22799036050,https://s.shopee.com.br/AADE4oUF4k"
"22899258997,Kit 3 Calcinhas Cinta Modeladora Compressão Cós Alto Redutora de Medidas Plus Size,""29,90"",2mil+,RENDACARIOCA,17%,""R$5,08"",https://shopee.com.br/product/681855168/22899258997,https://s.shopee.com.br/9ztnsVUsPj"
"23997491172,Calça Jeans Feminina Wide Leg Marmorizada Cintura Alta Empina Bumbum,""59,99"",30mil+,Premium Jeans Goiania,7%,""R$4,20"",https://shopee.com.br/product/1196482279/23997491172,https://s.shopee.com.br/8V505pCdW0"
"42914855132,Blusa Feminina Manga 3/4 Novas Cores Tecido Crepe Moda Evangelica Detalhe Social Elegante,""26,99"",30mil+,six fashion,34%,""R$9,18"",https://shopee.com.br/product/1167945223/42914855132,https://s.shopee.com.br/8KlZtWDGqz"
"22393559199,Calça Pantalona de Linho Feminina com Botão e Zíper Frontal Elegancia e Conforto,""79,20"",3mil+,Helo-Modas,20%,""R$15,84"",https://shopee.com.br/product/1130709368/22393559199,https://s.shopee.com.br/8AS9hDDuBy"
"22393888604,Kit 5 Sutiãs Básico + Kit 5 Calcinhas Sem Costura Corte a Laser,""59,90"",6mil+,Kivende Modas (lingerie em geral),18%,""R$10,78"",https://shopee.com.br/product/284423952/22393888604,https://s.shopee.com.br/808jUuEXWx"
"20599252009,Saia Festa Junina São João Arraiá Quadrilha Caipira Curta Juvenil Adulta Rodada Xadrez Florida,""89,90"",564,LGCS SHOP,21%,""R$18,88"",https://shopee.com.br/product/578296496/20599252009,https://s.shopee.com.br/7ppJIbFArw"
"22298176553,Kit 3 Body Feminino Decote Quadrado Manga Curta Tecido Suplex Moda Verão Tendência,""55,99"",40mil+,Bem Vestidas,7%,""R$3,92"",https://shopee.com.br/product/332752392/22298176553,https://s.shopee.com.br/7fVt6IFoCv"
"22194555622,Vestido Feminino Amarração Lateral Alfaiataria Regata Midi Zíper nas Costas Social Elegante PMG Look Moda Evangélica,""69,89"",1mil+,Lanour MODA,16%,""R$11,18"",https://shopee.com.br/product/1491044633/22194555622,https://s.shopee.com.br/7VCStzGRXu"
"40921863755,Sexy Crotchless Lingerie Conjunto Feminino Sutiã De Renda Trajes Eróticos Teddy Bebê Boneca Vestido Profundo V Aberto Po,""39,99"",64,Saratass.br,11%,""R$4,40"",https://shopee.com.br/product/1402672616/40921863755,https://s.shopee.com.br/7Kt2hgH4st"
"23491605753,Calça Skinny Com Cinto Malha Crepe Cintura Alta do P ao G3,""35,06"",70mil+,Lulimoddas,8%,""R$2,80"",https://shopee.com.br/product/336962090/23491605753,https://s.shopee.com.br/7AZcVNHiDs"
"14948224334,Kit 3 Blusinha Feminina Long Line Academia Basica Promoção,""58,00"",20mil+,Ecommodas,8%,""R$4,64"",https://shopee.com.br/product/671578795/14948224334,https://s.shopee.com.br/70GCJ4ILYr"
"19699560019,short jeans cintura alta marmorizado 100% algodão,""51,90"",20mil+,lotus jeans,7%,""R$3,63"",https://shopee.com.br/product/882283226/19699560019,https://s.shopee.com.br/6pwm6lIytq"
"3358374565,5 Calcinha Cós Alto Feminina Modeladora Cós Duplo Microfibra Confortável Promoção Magic,""34,99"",200mil+,Magic Confecção,17%,""R$5,95"",https://shopee.com.br/product/325508068/3358374565,https://s.shopee.com.br/6fdLuSJcEp"
"3685599753,Calça Legging Fitness Tapa Bumbum Com Saia Embutida Academia Treino Conforto Crossfit,""38,90"",9mil+,Arsenall Fitness,19%,""R$7,39"",https://shopee.com.br/product/399604109/3685599753,https://s.shopee.com.br/6VJvi9KFZo"
"21398128731,Kit 4 Regata Canelada Feminina Lisa Blusa Básica Camiseta Casual,""63,10"",4mil+,EMMANA FASHION,17%,""R$10,73"",https://shopee.com.br/product/1438539497/21398128731,https://s.shopee.com.br/6L0VVqKsun"
"22298927622,kit 3 Meias Esportivas Despojadas Academia Super Poderosas,""20,90"",10mil+,Diferente Modas,3%,""R$0,63"",https://shopee.com.br/product/405065911/22298927622,https://s.shopee.com.br/6Ah5JXLWFm"
"22493725920,SHORT CINTA MODELADOR ORIGINAL 4 Barbatanas -Alta Compressão -Não Enrola - Zero Transparência  - Empina Bumbum plus size,""36,80"",60mil+,AKAPE CLOTHING,23%,""R$8,46"",https://shopee.com.br/product/760344136/22493725920,https://s.shopee.com.br/60Nf7EM9al"
"22899203473,Conjunto Social Tomara que Caia e Short Alfaiataria Feminino,""49,99"",253,NEW BEGINNING STORE,33%,""R$16,50"",https://shopee.com.br/product/314562209/22899203473,https://s.shopee.com.br/5q4EuvMmvk"
"6060944899,Vestido Longo de Festa Ombro a ombro Barato madrinha casamento formatura aniversario convidada,""98,90"",1mil+,eleganceshop,11%,""R$10,88"",https://shopee.com.br/product/280768528/6060944899,https://s.shopee.com.br/5fkoicNQGj"
"20997520405,""Calça montaria flanelada com cirrê, cintura alta, suplex, modela o corpo e empina o bumbum."",""29,99"",60mil+,Gleam Garb,13%,""R$3,90"",https://shopee.com.br/product/1079991872/20997520405,https://s.shopee.com.br/5VROWJO3bi"
"23898666132,Sutiã Reforçado Com Alça Regulável Bojo Removível - Sutia Import,""18,55"",20mil+,Fulana Lingerie,7%,""R$1,30"",https://shopee.com.br/product/759020071/23898666132,https://s.shopee.com.br/5L7yK0Ogwh"
"23797677332,Calça Cargo Jeans Feminina Bolso Lateral Cintura Alta  Wide Leg Pantalona,""64,90"",20mil+,KAVI Jeans,7%,""R$4,54"",https://shopee.com.br/product/532620463/23797677332,https://s.shopee.com.br/5AoY7hPKHg"
"58205071913,Camiseta Unissex Brasil Ícones Estampa Minimalista com Símbolos Brasileiros,""29,90"",1mil+,useOverfly,18%,""R$5,38"",https://shopee.com.br/product/1316655593/58205071913,https://s.shopee.com.br/50V7vOPxcf"
"22598638728,""Vestido Feminino Longo Luxo, Evangelico e Festa Saia três Marias com Babado Manga Allana"",""58,69"",2mil+,Allana_Fashion ,""8,4%"",""R$4,70"",https://shopee.com.br/product/959519311/22598638728,https://s.shopee.com.br/4qBhj5Qaxe"
"22293853180,Conjunto Sutiã e Calcinha Sensual Fio Dental Lingerie Com Perneirinha,""29,90"",20mil+,Coração De Moça,3%,""R$0,90"",https://shopee.com.br/product/1485261614/22293853180,https://s.shopee.com.br/4fsHWmREId"
"22393136651,Short Saia Alfaiataria Com Cinto e Bolsos PROMOÇÃO,""34,90"",10mil+,SEMPRE LINDA GIRLS,15%,""R$5,24"",https://shopee.com.br/product/1044465687/22393136651,https://s.shopee.com.br/4VYrKTRrdc"
"23497427454,Calça Alfaiataria Feminina Cintura Alta Com Ziper Social Slim Fino Elegante Empresaria Blogueira,""38,45"",10mil+,Lojas Sailor,3%,""R$1,15"",https://shopee.com.br/product/1193476904/23497427454,https://s.shopee.com.br/4LFR8ASUyb"
"22194157458,Macaquinho Fitness Macaquinho de Academia,""36,49"",10mil+,FA Fitness,8%,""R$2,92"",https://shopee.com.br/product/767789686/22194157458,https://s.shopee.com.br/4Aw0vrT8Ja"
"23194028133,KIT 10 ou 5 Calcinhas Empina Bumbum Fio Dental Duplo Conforto Sensual Sem Costura no Bumbum,""42,90"",60mil+,BellaFlorOficial,21%,""R$9,01"",https://shopee.com.br/product/487444734/23194028133,https://s.shopee.com.br/40cajYTleZ"
"53352567807,Lovito Conjunto de Pijama 3 em 1 3 Peças Camiseta + Calça + Shorts Algodão Nuvem Estampa Cereja para Mulheres LNE126191,""56,08"",226,Lovito Loja Oficial,7%,""R$3,93"",https://shopee.com.br/product/426378412/53352567807,https://s.shopee.com.br/3qJAXFUOzY"
"18296936501,Calça Feminina Pantalona Couro Fake Wide Leg Tendência Luxo Balada Look Casual Chick,""52,16"",10mil+,LOJA JS STORE,21%,""R$10,95"",https://shopee.com.br/product/392163999/18296936501,https://s.shopee.com.br/3fzkKwV2KX"
"5569805715,Short Saia Fitness Academia Bermuda Legging Suplex Roupa de Academia Envio Rápido Pronta Entrega,""29,22"",5mil+,Moda LLevo,38%,""R$11,10"",https://shopee.com.br/product/314093059/5569805715,https://s.shopee.com.br/3VgK8dVffW"
"21220415585,Jaqueta De Couro Feminina Com Ziper Inverno Elegante,""39,98"",70mil+,TOP TOP IMPORTADORA,13%,""R$5,20"",https://shopee.com.br/product/547119438/21220415585,https://s.shopee.com.br/3LMtwKWJ0V"
"22294384329,Kit 3 Conjunto Pijama Feminino Sex Baby Dool Feminino Short Doll,""39,99"",1mil+,Walu ,15%,""R$6,00"",https://shopee.com.br/product/590162944/22294384329,https://s.shopee.com.br/3B3Tk1WwLU"
"42267363453,Conjunto Feminino Calça Pantalona e Cropped Manga Curta - Malha Canelada Premium Toque de algodão,""59,44"",3mil+,Vitoriana Moda,10%,""R$5,94"",https://shopee.com.br/product/1291736040/42267363453,https://s.shopee.com.br/30k3XiXZgT"
"22593876668,Cardigan Feminino Tricot Manga Longa Botões Dourados Inverno Elegante,""44,90"",1mil+,Thais Oliveira Tricot,28%,""R$12,57"",https://shopee.com.br/product/388204242/22593876668,https://s.shopee.com.br/2qQdLPYD1S"
"21397009129,Casaco Teddy De Pelinho Jaqueta Curta Feminina Inverno e Frio Estilo - Varias Estampas,""29,70"",20mil+,PS.FORYOU_,8%,""R$2,38"",https://shopee.com.br/product/537547581/21397009129,https://s.shopee.com.br/2g7D96YqMR"
"19630893347,Camisola Sexy sem Bojo Sensual Costas Abertas Com Calcinha Regulável,""28,11"",50mil+,Lisbela Modas,18%,""R$5,06"",https://shopee.com.br/product/709759573/19630893347,https://s.shopee.com.br/2VnmwnZThQ"
"23594506783,Calça Wide Leg Feminina Cintura Alta,""53,99"",134,GIT MODA MIX,23%,""R$12,42"",https://shopee.com.br/product/1042028053/23594506783,https://s.shopee.com.br/2LUMkUa72P"
"22098208730,KIT 3 Regatas Casual Basica  Suplex Duplo Blusa Feminina  Blogueira Tendencia,""59,34"",30mil+,UNICA CONCEPT OFICIAL,16%,""R$9,49"",https://shopee.com.br/product/1046016014/22098208730,https://s.shopee.com.br/2BAwYBakNO"
"21798273301,Kit 3 Calças Feminina Legging Grossa Para Academia Fitness Cós Alto,""59,99"",10mil+,Moda Peres,16%,""R$9,60"",https://shopee.com.br/product/1322932586/21798273301,https://s.shopee.com.br/20rWLsbNiN"
"58202988639,Macaquinho Vestido Feminino Frente Única Solto Costas Abertas,""36,90"",4mil+,CMJ Max Prime,7%,""R$2,58"",https://shopee.com.br/product/1309406913/58202988639,https://s.shopee.com.br/1qY69Zc13M"
"22594698857,Vestido Feminino Longo Plissado Estiloso Luxo Elegante Para Festa Casamento Com Bojo Forro Alça Regulável Vestidos,""134,38"",411,Renai Prime,16%,""R$21,50"",https://shopee.com.br/product/1559861000/22594698857,https://s.shopee.com.br/1gEfxGceOL"
"49050205364,Conjunto 3 Peças Short Saia Dunas Com Cropped E Capa,""54,97"",4mil+,VitoriaConcept,3%,""R$1,65"",https://shopee.com.br/product/1499982753/49050205364,https://s.shopee.com.br/1VvFkxdHjK"
"23393509365,kit 3 Shortinhs Feminino Dry Fitness para academia e corrida Short Esportivo e para usar dia a dia,""37,04"",5mil+,Di Santi,17%,""R$6,30"",https://shopee.com.br/product/885253260/23393509365,https://s.shopee.com.br/1LbpYedv4J"
"23097753330,Macacão Feminino Duna Pantalona com Bojo e Cinto 003,""68,90"",1mil+,Modas_Sarahi,12%,""R$8,27"",https://shopee.com.br/product/1057900100/23097753330,https://s.shopee.com.br/1BIPMLeYPI"
"58206932341,Conjunto de Lingerie Sutiã com Bojo e Calcinha Moda Íntima,""28,99"",56,Roseloj_,83%,""R$24,06"",https://shopee.com.br/product/1467988060/58206932341,https://s.shopee.com.br/10yzA2fBkH"
"22297183367,Conjunto feminino Short cropped Conjunto feminino adulto para seu dia  a dia conjunto jeans feminino short jeans lycra,""69,99"",5mil+,Nandamatos.store,7%,""R$4,90"",https://shopee.com.br/product/934481538/22297183367,https://s.shopee.com.br/qfYxjfp5G"
"23293733266,Blusa Feminina Modal Listrada Fresquinha Casual Com Manga Curta Moda Tendência Elegante 2025,""24,90"",10mil+,COSTAFE MALHAS ,15%,""R$3,74"",https://shopee.com.br/product/543316913/23293733266,https://s.shopee.com.br/gM8lQgSQF"
"23998943440,Vestido Feminino Curto Estampado Com Alça De Regulagem e Elastex,""38,79"",10mil+,Damaviê,15%,""R$5,82"",https://shopee.com.br/product/1587077181/23998943440,https://s.shopee.com.br/W2iZ7h5lE"
"22197697652,Calça Wide Leg Jeans Feminina Cintura Alta Pantalona,""64,90"",30mil+,KAVI Jeans,7%,""R$4,54"",https://shopee.com.br/product/532620463/22197697652,https://s.shopee.com.br/LjIMohj6D"
"23994006082,Sutiã Reforçado kit com 4 sutiã Fafá sem bojo microfibra de sustentação,""49,90"",10mil+,VestStore,13%,""R$6,49"",https://shopee.com.br/product/1469235697/23994006082,https://s.shopee.com.br/BPsAViMRC"
"20899556960,Camisa feminina manga longa social listrada risca de giz moda feminina,""38,98"",10mil+,pure glam,7%,""R$2,73"",https://shopee.com.br/product/675276460/20899556960,https://s.shopee.com.br/16RyCizmB"
"19797692265,Calça Social Feminina Modelo Pantalona Alfaiataria Cargo Wide Leg Calsa Luxo Blogueira Moda,""63,77"",10mil+,Gata Pink,16%,""R$10,20"",https://shopee.com.br/product/1269511225/19797692265,https://s.shopee.com.br/AKWeHC5eoC"
"22198775365,Kit Pares de Meias de Pilates Yoga Antiderrapante Unissex,""22,99"",20mil+,Xavier Modas e Acessórios,3%,""R$0,69"",https://shopee.com.br/product/423397470/22198775365,https://s.shopee.com.br/AUq4TV51TF"
"22494299233,Kit 5 Calcinhas Boxer Canelada Shortinho Sem Costura Cueca Feminina Poliamida Importada MK,""30,90"",20mil+,Closet Chloe,7%,""R$2,16"",https://shopee.com.br/product/1373589150/22494299233,https://s.shopee.com.br/9ztnsa6vUA"
"22999361083,Kit 3 Blusas Feminina Manga Longa Gola V Segunda Pele Basica Elegante Casual,""69,60"",2mil+,GlobalShoppingBrasil,3%,""R$2,09"",https://shopee.com.br/product/473718980/22999361083,https://s.shopee.com.br/AADE4t6I9D"
"23992851334,Shorts Tendencia Alfaiataria Com Cinto De Couro Modelo Social Short,""23,50"",9mil+,SabatinniModas,31%,""R$7,29"",https://shopee.com.br/product/1098585909/23992851334,https://s.shopee.com.br/9fGxTy8CA8"
"22593267676,""CALÇA LEGGING POLIAMIDA BOLSO CÓS ALTO, ZERO TRANSPARÊNCIA REF:025"",""60,03"",40mil+,Avance Modas,7%,""R$4,20"",https://shopee.com.br/product/1293204037/22593267676,https://s.shopee.com.br/9paNgH7YpB"
"22094473315,Sutiã Adesivo de Silicone Invisível e Confortável Sem Alças que Aumenta e Levanta os Seios,""13,90"",30mil+,Ulife.Loja.Oficial,11%,""R$1,53"",https://shopee.com.br/product/422642605/22094473315,https://s.shopee.com.br/9Ke75M9Sq6"
"23893629233,Blusinha Manga Longa Assimétrica Um Ombro Mula Manca Basica Blusa Ribana Elegante Caimento perfeito,""24,98"",10mil+,PUXXI MODAS,""12,1%"",""R$3,00"",https://shopee.com.br/product/1471629483/23893629233,https://s.shopee.com.br/9UxXHf8pV9"
"9236360714,Short Curto Malha Canelada Verão Academia Praia,""19,75"",30mil+,ShopExpresso,22%,""R$4,35"",https://shopee.com.br/product/372852142/9236360714,https://s.shopee.com.br/901GgkAjW4"
"22994677300,Macacão Feminino Ju Social Slim e Plus Size Com Tira Amarração na Cintura Pantalona Longo Evangélica Elegante Moda Verão,""68,89"",698,Lanour MODA,16%,""R$11,02"",https://shopee.com.br/product/1491044633/22994677300,https://s.shopee.com.br/9AKgt3A6B7"
"8450389973,Calça Jeans feminina Wide Leg Marmorizada Pantalona boca larga - cintura alta premium,""59,89"",100mil+,soberano´s closet,7%,""R$4,19"",https://shopee.com.br/product/306423459/8450389973,https://s.shopee.com.br/8fOQI8C0C2"
"23793781904,Poncho Bico Feminino Punho Tricô Gola Alta Capa Inverno Casual Casaco Lã,""57,90"",5mil+,GIP Ecommerce,7%,""R$4,05"",https://shopee.com.br/product/829015315/23793781904,https://s.shopee.com.br/8phqURBMr5"
"22792672308,SHORT ALFAIATARIA FEMININO ZARA CINTURA ALTA COM ZÍPER NA LATERAL,""23,82"",200mil+,Um Toque De Moda1,3%,""R$0,71"",https://shopee.com.br/product/437927074/22792672308,https://s.shopee.com.br/8KlZtWDGs0"
"19830877274,Vestido feminino midi luxo lastex moda evangélica com manga Bufante - REF 108,""49,49"",9mil+,J.A Moda Feminina ,16%,""R$7,92"",https://shopee.com.br/product/833396517/19830877274,https://s.shopee.com.br/8V505pCdX3"
"23294342021,Conjunto Feminino Viscolycra Calça e Blusa Elastano Linha ORIGINAL,""59,90"",5mil+,Fly Gyn Premium,7%,""R$4,19"",https://shopee.com.br/product/1309579391/23294342021,https://s.shopee.com.br/808jUuEXXy"
"58200554134,KIT 3 Blusa Regata Feminina Gola Boba Alça Larga Grossa Costas Fechada Tecido Regula Temperatura,""59,99"",1mil+,GYZER ,17%,""R$10,20"",https://shopee.com.br/product/968302991/58200554134,https://s.shopee.com.br/8AS9hDDuD1"
"28088314056,Kit 3 Calças Legging Feminina Academia Fitness Cintura Alta Levanta Bumbum Zero Transparência,""64,99"",20mil+,Luhmodaintima23,16%,""R$10,40"",https://shopee.com.br/product/646539763/28088314056,https://s.shopee.com.br/7fVt6IFoDw"
"22397359976,Par Meia Média Compressão Varizes Pernas Cansadas Inchaço Dores 3/4 Zíper 20-30 Mmhg Compressão Unissex,""16,90"",50mil+,ZAZAKI1688 COMERCIO,7%,""R$1,18"",https://shopee.com.br/product/871392240/22397359976,https://s.shopee.com.br/7ppJIbFAsz"
"22493933349,Short Transpassado – Tecido Fluyt - Estilo Farm,""39,90"",52,Lussa Rio Moda,54%,""R$21,55"",https://shopee.com.br/product/1512198257/22493933349,https://s.shopee.com.br/7Kt2hgH4tu"
"22198034315,Calça Wide Leg Jeans Feminina Marmorizada Cintura Alta 100% Algodão Premium,""61,99"",90mil+,Safira Closet,9%,""R$5,58"",https://shopee.com.br/product/312887832/22198034315,https://s.shopee.com.br/7VCStzGRYx"
"46406000514,Calça Alfaiataria Pantalona Premium Com Bolso PROMOÇÃO,""28,90"",5mil+,Elegância & Você,8%,""R$2,31"",https://shopee.com.br/product/1343492381/46406000514,https://s.shopee.com.br/70GCJ4ILZs"
"18999782601,Blusa academia dia a dia básica suplex manguinha,""26,90"",50mil+,Fábrica de Moda Básica,14%,""R$3,77"",https://shopee.com.br/product/1191271291/18999782601,https://s.shopee.com.br/7AZcVNHiEv"
"19598109895,CAPA KIMONO RENDADO INVERNO TRICOT ELEGANTE ÚNICO - PLUS SIZE,""29,18"",10mil+,MM Str Fashion,18%,""R$5,25"",https://shopee.com.br/product/332666441/19598109895,https://s.shopee.com.br/6fdLuSJcFq"
"23194269838,Promoção Pijama Curto Em Malha Blogueirinha Short e Blusa Amamentação,""35,86"",8mil+,LF & LG Pijamas 3,15%,""R$5,38"",https://shopee.com.br/product/1593209939/23194269838,https://s.shopee.com.br/6pwm6lIyut"
"21399377824,Calça Flare Cintura Alta Modeladora Jeans Feminina Cos Alto Empina Bumbum Feminino Modelador Elegância e Conforto,""71,97"",6mil+,AZAP´S JEANS,17%,""R$12,23"",https://shopee.com.br/product/770321874/21399377824,https://s.shopee.com.br/6L0VVqKsvo"
"18399607389,Kit C/3 Calcinhas Cinta Modeladora Compressão Cós Alto Redutora de Medidas,""31,99"",10mil+,Mundo Intimo,15%,""R$4,80"",https://shopee.com.br/product/1419612788/18399607389,https://s.shopee.com.br/6VJvi9KFar"
"23293095681,Calça pantalona de lazinho feminina cintura alta com bolso pra inverno,""37,99"",100mil+,LinFon Modas,3%,""R$1,14"",https://shopee.com.br/product/379471415/23293095681,https://s.shopee.com.br/60Nf7EM9bm"
"22233498720,Pijama De Seda Satin Silk 5 Peças Roupa De Noite Pyjama Esparguete De Renda Sono,""116,61"",1mil+,Women Corest Store,7%,""R$8,16"",https://shopee.com.br/product/964441018/22233498720,https://s.shopee.com.br/6Ah5JXLWGp"
"58252927243,Calça Jeans Feminina Wide Leg Premium Cintura Alta 100% Algodão,""59,99"",10mil+,DIPAULAJEANS,7%,""R$4,20"",https://shopee.com.br/product/1103802144/58252927243,https://s.shopee.com.br/5fkoicNQHk"
"22693639619,Kit C/5 Calcinha Fio Dental Fio Duplo Calcinha Feminina Lingerie Sensual,""32,80"",40mil+,Daffine.Oficial,15%,""R$4,92"",https://shopee.com.br/product/483838536/22693639619,https://s.shopee.com.br/5q4EuvMmwn"
"8264636434,Jaqueta Parka  Bobojaco Casaco Sobretudo Feminino forrada pelúcia Blusa Frio Envio imediato,""164,00"",3mil+,top center,9%,""R$14,76"",https://shopee.com.br/product/233494148/8264636434,https://s.shopee.com.br/5L7yK0Ogxi"
"58201848804,Conjunto Social TOMARA QUE CAIA CALÇA PANTALONA Alfaiataria Feminino,""84,99"",34,NEW BEGINNING STORE,33%,""R$28,05"",https://shopee.com.br/product/314562209/58201848804,https://s.shopee.com.br/5VROWJO3cl"
"19298295960,""Vestido Longo Camponesa Floral - Alças Ajustáveis, Amarração No Busto"",""70,90"",784,K Chick Moda Feminina,13%,""R$9,22"",https://shopee.com.br/product/1079688150/19298295960,https://s.shopee.com.br/50V7vOPxdg"
"23998699610,Camisa listrada feminina elegante - moda casual em crepe premiumyr,""49,90"",10mil+,Livi Fashion,11%,""R$5,49"",https://shopee.com.br/product/1230715257/23998699610,https://s.shopee.com.br/5AoY7hPKIj"
"23599275498,KIT Short Saia Academia Fitness Cintura Alta tapa Bumbum Bailarina Rodado Suplex Premium,""52,89"",4mil+,KGB CLOSET,19%,""R$10,05"",https://shopee.com.br/product/1101963744/23599275498,https://s.shopee.com.br/4fsHWmREJe"
"22894762985,Kit 2 Lingeries Camisola Feminina com Calcinha Sensual Toque Macio Elegante e Delicado,""47,99"",939,RS Moda,15%,""R$7,20"",https://shopee.com.br/product/1470192853/22894762985,https://s.shopee.com.br/4qBhj5Qayh"
"11762341789,Vestido Jeans De Alcinha Botao Forro,""79,99"",4mil+,INFINITO MODA,15%,""R$12,00"",https://shopee.com.br/product/403177542/11762341789,https://s.shopee.com.br/4LFR8ASUzc"
"23598881083,Kit 2 Blusa Feminina Mula Manca Suplex com Forro – Moda Blogueira Básica e Confortável,""35,96"",10mil+,LOJA KAREN MODAS,21%,""R$7,55"",https://shopee.com.br/product/595527314/23598881083,https://s.shopee.com.br/4VYrKTRref"
"22798302481,Leggings canelada de cintura larga e cor sólida para atividades esportivas.,""29,99"",6mil+,COCOKA,23%,""R$6,90"",https://shopee.com.br/product/1414741692/22798302481,https://s.shopee.com.br/40cajYTlfa"
"18098252682,Kit até 12 Pares de Meias Soquete Unissex Cano curto,""11,98"",80mil+,Fooryou,13%,""R$1,56"",https://shopee.com.br/product/1442818562/18098252682,https://s.shopee.com.br/4Aw0vrT8Kd"
"23998139827,Vestido Feminino Longo Manga 3 Maria Saia Babado Festa Fardamento Evangélico Dia das Mães Madrinha,""69,91"",2mil+,Cianita Fashion,23%,""R$16,08"",https://shopee.com.br/product/567327264/23998139827,https://s.shopee.com.br/3fzkKwV2LY"
"23794400034,Body Feminino Mula Manca Suplex Bory Moda Blogueira Com Fecho,""26,80"",10mil+,KAZUE MODAS,3%,""R$0,80"",https://shopee.com.br/product/1272167578/23794400034,https://s.shopee.com.br/3qJAXFUP0b"
"23898809765,Calça Pantalona Alfaiataria Premium Cintura Alta Com Bolso Com Cinto PROMOÇÃO,""39,90"",10mil+,KLA MODA,20%,""R$7,98"",https://shopee.com.br/product/1467944938/23898809765,https://s.shopee.com.br/3LMtwKWJ1W"
"25691775661,5XL Plus Size Feminino Manga Longa Jaqueta Jeans Primavera E Outono Casual Sólido Fino Bolso Casaco,""111,98"",23,Dylwp Roupas Femininas,27%,""R$30,23"",https://shopee.com.br/product/340310540/25691775661,https://s.shopee.com.br/3VgK8dVfgZ"
"21876600552,""vestido MIDI com bolso, tamanho único, tecido Romântic, veste do 40 ao 44"",""28,49"",4mil+,Danielly Modas,28%,""R$7,98"",https://shopee.com.br/product/971007182/21876600552,https://s.shopee.com.br/30k3XiXZhU"
"58255058364,Regata Feminina Gola Alta Tecido Duna Versátil Atemporal Sem Manga,""25,90"",3mil+,Lavi Modas femininas,12%,""R$3,11"",https://shopee.com.br/product/418918949/58255058364,https://s.shopee.com.br/3B3Tk1WwMX"
"18697613063,Calça Jeans Feminina Flare Marmorizada Lycra Modelagem Empina Bumbum Barra Desfiada,""57,80"",9mil+,Abuzz Jeans Wear,8%,""R$4,62"",https://shopee.com.br/product/1141189526/18697613063,https://s.shopee.com.br/2g7D96YqNS"
"23098560442,Jaqueta De Couro Feminina com Zíper Inverno,""34,99"",1mil+,NEW BEGINNING STORE,33%,""R$11,55"",https://shopee.com.br/product/314562209/23098560442,https://s.shopee.com.br/2qQdLPYD2V"
